resource_state,name,distance,moving_time,elapsed_time,total_elevation_gain,type,sport_type,workout_type,id,start_date,start_date_local,timezone,utc_offset,location_city,location_state,location_country,achievement_count,kudos_count,comment_count,athlete_count,photo_count,trainer,commute,manual,private,visibility,flagged,gear_id,start_latlng,end_latlng,average_speed,max_speed,has_heartrate,heartrate_opt_out,display_hide_heartrate_option,elev_high,elev_low,upload_id,upload_id_str,external_id,from_accepted_tag,pr_count,total_photo_count,has_kudoed,athlete.id,athlete.resource_state,map.id,map.summary_polyline,map.resource_state
2,Ride 26,18191.0,2827,2914,66.2,Ride,Ride,0.0,14634284248,2025-05-29T17:56:56Z,2025-05-29T13:56:56Z,(GMT-05:00) America/New_York,-14400.0,,,,1,0,0,1,0,False,False,False,False,everyone,False,b15880500,"[40.748188, -73.893561]","[40.74874, -73.894055]",6.435,13.96,False,False,False,20.8,2.3,15616070802,15616070802,8C835F98-C68F-47BF-9E59-92FDB5BA96C7-activity.fit,False,0,0,False,68817667,1,a14634284248,ivuwFfm_bMJvG[tBkBjGq@`DgDpIcBnGeArB_AbEw@jB}CrJmBtGkBfEwAzEQA]`BwAzCYjAeA|ACl@}@zAa@bCkDpISbAk@|@[tAuAtDy@~Aa@jBkD~IKn@eAhB{DtLwAdDm@bA[tAm@x@Iv@w@zAi@tBsAlC]rAU`Cy@bB[Lg@xBkAhBuAdEoAjBq@tAQx@]b@cAtBgChG_@vBeALDRMLIn@}@lBOvAIN_@Wg@pBa@j@CbAe@UEPEpAZjB~@nEz@lCt@rDb@bAlLvGfF|BbE~BNVk@~CoAnEgEvKaAfAMx@Ff@l@~@\Dd@{@}@u@eAE[bAgBiB[Ak@u@WBN?Sy@hAu@SeAYi@yE{Dk@[sAKo@_AiGcGuAoBy@aBaA{@c@eA[YgCcBq@QoA@_Br@Q]q@YoAC_Aa@YBLx@^Lx@~@TjCr@lCz@r@jBfBrDdE^l@D`@XNd@z@t@Xp@n@pAZDVf@b@fATNr@z@z@nBx@bEvD~FhDnBtBxAt@xA`EhA`@R^j@TlDjD|Ax@xBHPd@tB~A|BtCdCnBTl@`BnBnCxAj@p@`Aj@l@rARXz@\jDfDfInFd@v@T~@x@dAzC`AjAf@b@ORg@E[?YLUFeAWs@yBuBJYOCOm@}AsBcNsL_AcC}@gAmAs@m@eAqAJY~@a@R_BcCk@i@c@cA_@HMC}@k@_@m@DUQWa@YMc@mACj@OFcAEa@k@{@_@_B_@AEQ]L_@cA_@UGw@?Jq@wAk@EIPQeAuAaATa@a@n@Eg@]a@SJi@g@FKWIQNIc@o@Dm@w@O@COuAc@sBoAG}@qC}BQ?e@f@?l@WjAWPTfA^LBTKl@GAf@Bd@b@d@N~@Gn@h@REFRJ}@PS@ZY?]_@CwBXo@VMr@_BdAsCFw@zA}CrCgLj@mA`CcKl@cBNf@C[f@_CD_AzAqF\o@bAuDjBsE^{Ax@uARwAVSDRDGTgA|@}Cd@g@TeAr@eAXwAXe@b@UP}AX_ANI^qAHkA\_@|CmIVuBbAeAF{@vA{C`A_Dd@u@t@_DhA}AZqARyAGuAXSA{@gCaQi@mGZqILQHeARYCy@RuAj@_BKsAlAmPIoGSuBOeHXgBh@eA~CqMbEeNv@wAPyAtA}Cz@_Dl@aA^aBv@}@Ta@dBeGXqBWwB,2
2,Ride 25,94493.6,13881,14224,302.0,Ride,Ride,10.0,14605491412,2025-05-26T19:51:35Z,2025-05-26T15:51:35Z,(GMT-05:00) America/New_York,-14400.0,,,,67,2,0,1,0,False,False,False,False,everyone,False,b15880500,"[40.747696, -73.893966]","[40.748142, -73.89379]",6.807,14.06,False,False,False,43.7,-2.3,15585164053,15585164053,FDAB8777-DA2D-4B2D-AE52-763214130565-activity.fit,False,36,0,False,68817667,1,a14605491412,muuwFtl_bM]zG}NtGes@lIuBqDwC^mL_HmEoGyHsF?yKxBk[gT`EyCzBkVhC{DrV_`@jn@nIbNqs@lhAD|AdKzIxBvHf[fa@zA~Cv@tFbHjIz@uAbQtHxGXhUzPFtAmFzNXzAtArAxFXvGzVbZjPcL|ZFnAdAb@PaBcDXcCoB_@}@rAaA_AmB}R_OeDcGiFmFqCi@}A~@{FaBxFfOxInKjFrBh[vV`ExG~QhKlJfLvZ|UfBfDhFrBn@[Z{Cq@qAmIaL_QyQgAe@sAzBy@WiKeMp@gB}EiG}WeTmAs@yAlDvDzDlCHy@o@KmBlEoHnF{OvN`JvT~Ul]pYhNEzHlBmC|TlJ|C\dBjJbKfObGdFp@hChDlDaCsBkHkZgHjEs`@y@mGf]lHxRiAlBdf@t@~D~n@qF?qGnM~A`o@xr@d`@zMjXHxO{FpVg\bCi@vHpAdBrToClvAuMDeBlBuBjg@`@fFd@RQ`DUzBs@|CuBxB{@`F`@dBkAnGZbAzJrFlq@lVhDbA|CsA|y@r[rBsF~FtBnDcCr@mEbBt@|KwG|AmI`CNrA_GfTmi@ta@d\z@vCrInGv_@dc@l[tZb|@t_Ap@nBhMlK|E~HlMvKeNhYcBfHQtFv@fKhBdEnCdCJ~AlCdADlBxw@tYpd@fDfUmAz`@yFpHaFvJyKjMaEtBcFrDuB`H_IjHiRbFwt@dEgLr@cUpDiQ~EyNjTk_@~DwOz@sHkGgG[}A~X_]|m@}d@dK{E`\mGs@aLLwKgBqVlAWwBgP~@mLCyJmAgMoBiFaCcX{F{_@WiIyAwH_Ckf@B}Zq@}Uj@kFw@{]}@cOVuZ~B{^CyM{DgYsOs_@kFsF{IyD}I_AyJj@aBsB?oHtHmLvI}Hn^sc@vl@mq@v|@qd@~B^r@`CxEyBEaHkCaNLcBdH{Es@kCa@oPwB{HDwD}FqW}w@aiC}Q_v@mHyd@eAg@sJ`Fk@kLiMwn@kL}Wc@b@XfAg@y@VnBwGdFwd@zImCK}CaEaDrDkfAwJ{Hp@}JlFs\pXeGjCmwArYiLdFsQdM{j@zUy|Cxf@{KlAkIYaUdE_RrAo`@rOqJpJkN`Im^dLaN[eNjIrAgKcBmIsHD}DwEWuJhEoJBoSmAaKeFaFg@iHcCa@iG|DkCa@yDrA_CCiJyFo@wEeDaEuC~BcCvKyMzJgI~OcC~CkKrGmJeGuBzBiMh\cIjIoDlG_^ztAcG~KuCbJmHh_@mJpNsCkAwCT{FpDcIlKmIzNwTbq@,2
2,Ride 24,60191.3,9618,11385,351.4,Ride,Ride,0.0,14584709891,2025-05-24T20:17:51Z,2025-05-24T16:17:51Z,(GMT-05:00) America/New_York,-14400.0,,,,69,1,0,1,0,False,False,False,False,everyone,False,b15880500,"[40.748213, -73.89389]","[40.748547, -73.893918]",6.258,14.16,False,False,False,63.6,2.0,15562765592,15562765592,EC029640-FB79-4217-B00A-F96750073E52-activity.fit,False,38,0,False,68817667,1,a14584709891,yvuwF|n_bMF~Gc@rByZzaAt@xSwDbc@KrGnJxr@h@hi@xAjHxIbLg@rAVhFq@bAyAjG}BlHiAjB?|AiCvI}e@lxAkDrI]tBeDjF?bC{@nBBcBfAwAaBmC}HiFoDoAeB_CgQmL_DcD_Q{IKm@kD_CyAU}BsC}I{EsB}BcPuJeCu@y@mA{A_@mN{Ka[oQuEcF}B{@wFuEkHkDmNuKwHcDsN_J}NqLkCqAk@gA_D}@qDvJs@`@}A_B_@ToFxOiDlMsAnAYhCiDlJ}BdKgEvKuQlk@sC_CaHyIgFsDcNiFeJcF}HaGuCcAaDiEoTgQmRiLmHmCfAiACiD}KiJeHa@El@wLDzA|BMTkIwJud@mTkPsEyBqBg@H_CiCoT_NkCwAeA@wGyDwG}FyH}DiDg@yBXgCAmDc@eQjJkP|JcE|CaA`BzBtGzElEdJFzQnH~N|Grc@dO~DzCjBhD}ClTuGgA]XUfEgAvAcB_Ba@l@_@O|IpJZhAORiAgBw@p@`@bHpBxB`CdADf@tFrAxGLhCgBlXAtGlBfMvHpCz@`BbBtTvEzDzB`Cb@lD`BnT`NxBi@|BiBpGzErQvQbA~C`Dl@WrB`KxGtUtTlGlEvGtCrHtFtQbJvOvLnIlElD|Cxc@hYhC_AhiJ`rE]eFZkDfBn@jHSpZvAtc@`FlCp@AlCtEl@CdBzJn@np@dKnCjCfES|@`AhBKjKdCrCUtMvDjQlFRaATiMf@]pD~AlCk@jBkDMkEtABrBmAy@mEJoBuA}GoDcIiDiEo@qBFk@cBLEsCmABsAwCs@]g@gDgAcAg@}CsDaIK}CeBRaF}HaB_L_Bc@{@oLoSh@k@GGcAw@[{E~AeB]OpBlEk@n@kAhAQzA{AfPwFvCmCh\eMpHiEzViK`Ak@x@iBEgAk@_@s@pH_@jATbC~B?TmB`@UlOd@K`GmHYcI`@gAl@qT`\{GxHuGhLcIzIm[jb@{@AkCkEwAc@wAiCuIyEiBsCoIaD{R}N{DyAiFg@uHcHbHaXfBbAzDb@nJfEh@Jr@gAdCeN`HsWvBcLtA{JzEgTzCcRtBeGnIoc@jAwK`Iua@wCgAaF|T]l@c@KmRkL}F}HeQiQcNaPiHo\s@iAwAgJqDoOiCil@Hi@bJu@wAqCn@}AcByIHyAcAgCwAsHsGmLeNgO}PuJSb@eAc@gJ{F@eBZ`A\c@yAcA_@mAkCJqHmBuUmCeF_NsEsWgBaHkAaA{D{@yVyCv@sMyByBvEgXz@wAO{@lHwc@gCiCKkJ_H@UsI,2
2,Ride 23,99889.6,14496,15333,413.2,Ride,Ride,10.0,14545253689,2025-05-20T19:08:52Z,2025-05-20T15:08:52Z,(GMT-05:00) America/New_York,-14400.0,,,,231,2,0,1,0,False,False,False,False,everyone,False,b15880500,"[40.748384, -73.893381]","[40.701672, -74.012665]",6.891,16.62,False,False,False,77.5,2.4,15520291703,15520291703,9D13B57F-1115-4131-BDAA-43D9AFFBC341-activity.fit,False,146,0,False,68817667,1,a14545253689,uvuwFxl_bMS`LmZjbAn@zTuClWu@xR~Its@Df_@n@hLjCnI~GlGJlEoDzNgErJu_@rpAuObc@eHlOoJt\gM`^@lA|ApBoR|l@aFjD}AtIoB~BmEpLgIdZjAzDyCrIu@sAaHoCkCcFuCcCqSoMeDSsBeCW~@_BJ_BeEyFgE_I_DwKeCi`@aVsWoQWqDmAcBeG^}cAuq@kg@gY}YwXqJ{Gk@}Cq_@u]kAKm@|A{Ah@aCU}PwK}OeH_QuFgBP}TkMsF{A_VUoFlBmGDcLqD}AsBu@sG\sAnB`BE{BiJkIt@YvBtBxAqBhAuRi\{HqTgN{BsFmBcA}MR}G]z@iDdDzCg@vFcL_E_HoELeE~DwGv@aLtVaP{Je^_GqFmDkAma@uXwJsLeEgGeAoCdCaG`BgPoHuEaG{A_QeOcZePwIcMeBwJgQiC_BeCeAHeMoQ{TiLmgAiU{WDsp@yKyYyKgRsBmLeHsMoCcGiFcPg[sK{GmTeJuK_IgA{AaAyI`AiSeBcL_KaK{AoDyAUkJwIuEa@oFnD{JzX}IjIyBbQoDxHkJ|F}]dMiTtDiNp@aDe@{`@ePsd@eBsMmCan@aPwfBcbAsKmAmKkEyBuCuV_Qqj@wI_M_KkNeEeIg@gJaGuOoCa@y@sE?sAqBwIiCgDmBqCeCBs@oGsCwGPaIiCuCsCe@iCmGmEkJsQ_GaNkByGaO_XwJmHuDq@_E{DeFqA`Q|IdN~L~JzPlHbTfKvQZtBhHtI~FtDbS~DzMdKfk@lQpB|B`ZrEhJ|Jzn@pJnZ|UlYfI~~Ab~@xf@tMpZlG`e@zAlf@pQrWoCjY}HjZeNpCiFxByR~J_KlJkWlEcDnEPlWnUlD|GpAnNeA~Mv@lGzA`DvF~E~e@rVfQp\zC|CxOlDdM~HtRhCdWfJrr@nKx[xAfs@|M~S`GpPnJlIvMlArAfAM~ApCjQpCvA~IlIpL|WbOtR~OjQzH}AxP_DtGzDhI|EdEhA`DlJ`LjF|JbDzIjPpq@fEhJvDpD~Ir@``@`Qne@zOlGbHaCnUuGgBO|CkB|DeBqCcAv@zI`JIxAoBcCZfJlGhGlHxAzEEfE_CrW`@f\nPh^|JxWxOxCZtBkCfA`@bShQnErH|D|ACnAt@|@|NjK|VvUje@zWjeAnr@zEo@dA|@Z~Ej_A|k@tDDhHdCzIpHEfC|EWnNpHvf@``@tNlCxXtPnIzGlLzNlk@|^zVvGhHArCyB~HrB~HMjX|CzK~DbMK~cApEpi@zGtJdDbNpArG|ApH`D|AQ`K`BpXrH`BK\kNf@]j@lAfBPrCm@dAsB,2
2,Ride 22,113248.0,16602,17535,861.7,Ride,Ride,10.0,14523506067,2025-05-18T15:48:35Z,2025-05-18T11:48:35Z,(GMT-05:00) America/New_York,-14400.0,,,,172,0,0,1,0,False,False,False,False,everyone,False,b15880500,"[40.748006, -73.894145]","[41.394761, -73.619881]",6.821,21.03,False,False,False,215.1,-304.4,15496541859,15496541859,C277BE28-A245-4B70-9680-45C386313614-activity.fit,False,165,0,False,68817667,1,a14523506067,wvuwFjn_bMMnK{Z|aA`ArToE~h@FdGhJ`n@fAjo@~JvNRhG{FxLkA|Jgm@tjBwYdr@{BzMbO|HdGvIxDBtGzD^|BqBx@OiCdD|B@vCbAy@qAc@eBwGlAdEj@a@iCnFe@g@cGbHgA|GkIrIe@iFqDoC{B|@kJyEcCcFmBjA{Jr\kBZuBlG{CzAFHaBlDStEyM|c@fArD{CpERrAoDTaCsA{@cGyGoIuEm@iBmEiKsC_EmHkDnCwPeMcIy@i}@ak@qAaGwGF}kBalAib@o^gGeKg]cZsGhCaYkP}QyHiKu@uXgP}Yy@sOpByIyCyDiK\gAhBpAA{AeJeJjDtArA}AjAmSsa@yKyPaMqEmGyNXkJgJeDj@K~CnFfCbDyCvBrBFpEaU}E}@sEpEaJ~@gL~WeQgLg^oo@{b@{LqO_DaIjCmE|A{M_@uByTkL}O_O}U{KiJsMgAcJsQyBuAsCuOgQcWoM_eAwSmWWgq@eKg\yLkRkCyZcLcWoa@qk@e\gDeKl@_R{A{MqEuHyUsSoG_@gCnBgI`TuMlQmBlRiDnF_j@fTcb@vE}d@uPqi@{Beu@}QchB}aAoZmIsYcV{l@iJ_MqJqYeFiEmDie@eNeQeM_R}C}HaFkFiHkW{l@kKcQm^cVu@`BwF{@kGpCgG{@{DyG}UmBsG~AqOhW{MjJmDrF}BxIyBzUiFnDmQtCmGaC_OeVgm@{h@ud@sTeO_a@mEiF_FcAk_@@eO{IcYuZuEqA{LbGkV`Cwh@jTgRpLaOxSeFjD}|Bnv@kZyIkD_Fcp@kh@qcAq_@sCpAiUkBuY{QoNaPx@qDsDcIUoOwk@}u@ma@sI{Y{JcSyKqV[gh@mViH{EgMsOcHyDcg@}AcDpFgD@iM|H}CpG}CnQgMzMaFzBe{@tFyUH_WwEqo@}c@kbA}I{GqF_IqQoDuDuZeEub@sZaJXmOnFcg@gOa`@gCcTcQ}k@qLqh@aYuZ`@cZ{BoJiD_MeLmIiD{y@tDyOkIiSyZeGiFcc@uBaP{I{H_@aGqDqG}NkN_IgHkMgMaNgE_LoDe\uFoHsSeJ[mJsEwAsVgs@_BaTa@ki@nCiO}BeN_HoDoV}C}Dp@}HnGmJf@yFsC_K_RaUoCoCcFoBuMsDsDq^tAiSaJkK~C}FSmFqHk@aPiDiUeRyPK{XuEo]d@kIfD}E`WkOxKcn@bFsNm@iMqHgHsGuOs@eQhEuVtGwMbGgDtz@wPvMwIx@eJeLom@`A}CbK{E`GaQw_@wI~_@|ItIA,2
2,Ride 21,58180.4,8306,8562,488.5,Ride,Ride,0.0,14406326218,2025-05-07T13:24:01Z,2025-05-07T09:24:01Z,(GMT-05:00) America/New_York,-14400.0,,,,34,0,0,1,0,False,False,False,False,everyone,False,b15880500,"[40.748386, -73.894001]","[40.748511, -73.893847]",7.005,21.58,False,False,False,44.2,6.4,15371104774,15371104774,A3596EAD-0557-4CC5-A902-6DCA8DDB15D1-activity.fit,False,5,0,False,68817667,1,a14406326218,ivuwFlq_bMa@bHsZv`A^lTuDxf@b@hLjIll@Bhe@vAlI_Az@pLvMWf@z@vCaA~C}@i@q@dGkBjDm@jE}Ah@WfHeB~FqXby@iEhJ}BvJkKdYi@@QzCeHtUkChEaCdN{CbIeBp@uBrJaDgBcIdC{GgA{CyFeFoDqD{G{DqA{Gr@{BsBmBqEyM{B{SuPyAaFVyFi@_CuQkNsL}GcIw@sDnBeC_@uLkLqMeAqDgGiANi@rAzAhFk@hCsAMgH}FkBM{AhAaCvFu@vI`@hCjCt@|B_ElCg@xBpBjBrEfI`DhFhI|IrF`EpGjInAxBvJjE~DfEr@jKu@tIzKtFTjCtAjJfMbFlInO`AhC|GjHtFbFnAnL|NxCh@rDkCrCcIJaDy@mBsImFkBaDWwC~@wAFeDwAuDmDqBoDkIwFsAiGv@W_@zAd@uDcCsB}EsOyCkO_MoCqHe@qJwHyGmWaOqGa@oDjBmC[_MsL}LaA{DcGkB~AtAlFi@zB}@H_DeDkFsB_CxA{BbFq@tKnArBxBE`CeEdBaAxFjAhErHfD~AxCrKvHzD`ExGrGtAzGnM|GbD~K]dKfLlIp@xSdZbOl@bCpGpN`H|L~OrEXnFmHlAoHeBoCuJoG[}CFgJoAaE_DmBwCsGaIsBuHyF}OeCeTyO}BmF?sHo@{Ba^gVcJq@{DjBaCi@cLaL_MaAkFwGuAdBxAtFYfByANsGuFgDMaDhEuA~M~@lCpALnAg@pEqFbFtApD`HzDdBnD|KrLxGfCbFdHn@ZpAvCpHfC|CxE|AvJu@|JbLzI`ArL|N~DbItO`AnCdH|N`HpMpO~Bd@bBy@dE{G~@qHgMiLmAkChAoH[uAkF{FkD{GiGaB_Fn@aCoB{BgFyHu@mYoSiAuETcFo@{CiQwMcOsHeG_@oDlBkC]wKeLyL}@uF}GyAbBzAhG]|AoAP}EsEmE}@yDtEwAvJ^vDvB~@jE}FrHm@vEnJnEfEvBpI`I~Dj@~BxC~CtIvA~D`L|CvCdEpAfJ}@pAzB~CnAlBlErHb@tDtCtBnEzKlO~MVjBhBd@dDdB`CtOvGdEbHnEfEjB\lCkBlDsHdAaGqBkCuHeEcAmERkDi@yEaGuGgC{F{DcDg@iC^yBtf@jYnHiNq@eBnA_AjDeN~AoBfBuGbAqGnCKpBpBvBiAj@aFlAiAtGeVlC}D|G}XtI_Or@_IFpA`Km`@xCkCjEyN|BqDdAKaDsVqEuGbCfCsAkFH_FGcCoCwI[q\i@}Bd@xEcBkV}B{Gg@aEt@v@cBcGc@{JrAsO`BsAPcReA}SrZm`Af@sCWoE,2
2,Ride 20 FBBT 2025,66749.3,8848,10946,354.5,Ride,Ride,0.0,14377036078,2025-05-04T12:50:20Z,2025-05-04T08:50:20Z,(GMT-05:00) America/New_York,-14400.0,,,,70,2,0,1,0,False,False,False,False,everyone,False,b15880500,"[40.718344, -74.005302]","[40.642109, -74.074801]",7.544,21.38,False,False,False,73.7,1.8,15340326322,15340326322,603AB6A0-3FB3-4F3A-86C0-E8C3716B879C-activity.fit,False,43,0,False,68817667,1,a14377036078,shpwFdbubMkGz@yFkC}\sIuRoJ_j@o^wC{CsPgJ_IyGoIuD_NqIe@_@Pc@}Ba@mAaCqEsBq@f@yD}FgKeG_BMcBwBoIkEwDoDeEmCaDa@oAeCyAy@mC{@aAPqA}CmAE]{A_Bg@mBoAWwAaBsAuB?oCoDcH{DtEeL}CeFuCkBoGvBkHUiAs@qCyFcD_BoEqHkE}AeG~@gC{BoCkFoOmDiGeHsFmCoBwB_AoEJsGcAmCk[cUeLo@qEjByE_CuGoHaN_BwDkG_AFs@nAR`C`AtBWtB}ACqDeDsD}AwAXiCnDs@GuCmC}}@ym@{]sTS]|BoI`N{b@_KcIHeGlAoJfC{GlJ}MbHfI~B`GtDbFN~D|DnJAfCe@VqAcBf@qAvQuPrF{CfMqCpGZhMkBbI~@`ErDlQf]rJvIlM|EjKzIzIbSrAtAtD`B~BkAhC`@zXiFhBoAp`@`]rc@|]_@IJl@fXrUs@t@GzLVUuExOPzBdF~EnDmAdBsCbF_LnAwFlBqDGy@dA]nCaL~FoK`AcF|EuEtAmHp@cNhIsVp@iAr@JhDnDAtA}CdHuAf@aAe@kBeCBwD]w@qTqUadAo_Aok@}a@iEaFcGjBi[_b@eC`CwBlFlVz[~ApInBtCzCdDbA_@zInGtFLtPnGhInHE`I_ChHjCpDdGh@Q|AtAvCfBrKt@zAxk@rZpSbU``@t[|IA|BoN`NbCtGhEtCr@jH[pEfAoCz@h@NfJH~JbCze@iDtHwAO`D\rOnArJtOJfShCfVzVdBlD`GnFjDpFnBn@zCnDfMtFjFr@rP`FUP|QUzO{FrFcFrRgWzJnBhBzNw@fTPnMo@zEIlSs@nB\dJg@nN}NTiArCNbEeDn@o@rJ_@Xz@fM}@bFDzDm@lAn@v@s@`Ej@zBk@pFUpGxAzDzCfFjEt@fAnBjLzBlYpKvDhB^`AjBXjD_BhElAlA_EbBe@t|@x[~Fy@fJgIvVkLfReL|GuDbGaAfEVfKtHdYlZxK`MdDzFfE|BzM`PjU~SdAzBnGhFpBpDdGrEvMvNnAhCdJfIlJbBnHwAjFsF|JaQ|BqBzDw@nLxAjd@dMdN~HrEdEOp@`GzCnc@`_@dIhKxEzClE|HDxFpDlC[AtAlBQZdAbFfFhPSh@|@xBGbAjCzMxAjDxRjz@LhCjHz]bBhBn@dJs@nFq@zAaAo@kDyI|DeIc@_BeBl@qaAvo@a@?mGqO_AJaBfBsE|MmRf[qC{AyJjGsCfF_EnCmHbBq]tCcLaDqAaDkK^eC|Ap@xIqBpAkCR_L{BuHv@,2
2,Ride 19,38875.0,5703,5737,153.2,Ride,Ride,0.0,14356792065,2025-05-02T16:14:47Z,2025-05-02T12:14:47Z,(GMT-05:00) America/New_York,-14400.0,,,,32,0,0,1,0,False,False,False,False,everyone,False,b15880500,"[40.748237, -73.893777]","[40.748778, -73.894145]",6.817,25.685,False,False,False,31.6,0.6,15319023921,15319023921,D251836A-43B4-476C-B350-D9928DB57EC0-activity.fit,False,13,0,False,68817667,1,a14356792065,_wuwF~m_bMRfDwCd@oGtE_HnCca@lDcCg@iAcBeDf@}BQ{OgEqEgGeGgDo@qCTgOt@eHQ}AoAIiAzCaCdDQlA{@RSt@uC^sAu@kD[}A~@oLtA{@s@WuCuAcA}AU_B|Fe@tD}CdIcAp@yDvHsA`A{AhB_GtKoBvBDjFvAzCzCpCg@\sClGi@zBeBxBq@jBuAJsA~AqDhIy@z@yAvDs@f@_FfKuNlRM`Az@nCHvDvFrFfAjHz@~A`EnD~DbHjQ`T|AlHbE`FbATpAsAvIwQdAl@|ItHU`Al@zJTBPlB_ApFPbCmAvG|CrJxGtAzC`EtD^xBvEP|Ah@\BdAfBbBf@hBrHxF?j@|@jArEzBrA|ArHvDiD_BpAzCa@GcB~FP\g@fRt@Fm@uAwBA]pBiDcCEY`@gAOB^c@OcAeDmDsDqAcGqFsIyLwBgBmBq@mCp@_GqAFv@zAjB~@lFvCtC`GzIzE`Bn@fA|Af@Fl@pDlDlEbBxArA^|AbCpA^z@nDvBxFpFpIrEnC~BrFxFlAxBvCvBvBrDzKnIgDsCxHdE]Sp@r@xA`DlIjE|@I\{BcEuIcPqOm@yAwCaCLUyDd@eCaCOjAWKc@gG_GsHiGsE_@{@kBkA{@oBcEcCwDaEe@EaBjBR@IvAZFKl@fBFFwCjEcJjEmNtAVrLpGhF`GPt@nFbEhE|FtLdLvO|LrNEpGnA{AvUjGn@|@vAjA`@T~BdAn@lEpGvItB|CnCzGdA~BbDbEuBcB}GkCeA_@qAaCIqEeB}De@eAgDYsFvBoSkAmEPcAh\|GrSqABdC^tEMxCdBp[vJc@fA\d@q@`ATAe@TA~C\lBcA`@JH_@jC^dNeB`@KHkBz@oBtJj@tGjH\f@fMjMh@z@Y[~@jCS`@nC`DrEpE~KdHfCfAqEqD~F`EcFaDlIzE`Cl@aI{EjFlBz@i@d@^~@qB~Io@R{@{Gz@x@k@Cu@aBKWsA`@gAc@wAqLeKeIuJkSuSEe@jBiDDw@mFgIqCuBuD{EsDcJoHk\[}KaAsMd@wCE{Fd@{AtBeAdAmBBgBs@uATFCg@\[IeB_DgR}AgG}HcLy@mC_@?{EmHYUaKmEbC`FsFkE[}AAb@]Fa@sAmBoAkK_FTaCVfA\_@iDaCwSyCUc@eEo@i@o@cG{@sCyH|EdA}FkG}BeHyBiNcAgBeDoCmBK_Aq@t@d@qVcEfAgJU_BqBoBlGiYFoDrAgIdAsCjCyP_CoCY}K_Ae@qERs@yF,2
2,Ride 18,66388.9,9314,9490,541.2,Ride,Ride,0.0,14346805734,2025-05-01T15:00:57Z,2025-05-01T11:00:57Z,(GMT-05:00) America/New_York,-14400.0,,,,410,0,0,1,0,False,False,False,False,everyone,False,b15880500,"[40.748274, -73.893638]","[40.748693, -73.894257]",7.128,17.54,False,False,False,44.2,5.5,15308533254,15308533254,F393FB2E-5993-4B95-8C2A-A14B30B1D3AF-activity.fit,False,186,0,False,68817667,1,a14346805734,qvuwFfn_bMH`HeBxH{Xn{@t@nTwDde@j@zOzHdi@C|f@|@vDQlB~H`KcB`Ca@rWoBzDsk@viBgJ`TyKz]sBjNgI|Ng@tDsEs@wJbC{EoAwBwEaEiCkHqJsKNoGwIeNaDmG{GwIyEqAqE@uH_AyCy]kV{Ig@_ErBeDu@gKuKsL_AaFyG_BxAvAbGs@bCsIwFoC_@}B|BkBnGk@xG`AbD`EuAvBoCzGw@dFvJdDhBfEbLxJvFdDdGlHx@nC|IlDlEbEhAnK{@~ItK|IjAlStY|Nf@jCbHlPpIlMvOxFuBxCcH\sE_O_NO{BfAeGiA{DoEkD{EgIyD}@wFx@eG}IeMyBqRcOaCwFHsHo@aCw\iVwJ}@qGjByGwD{EcGqLu@yE{GgB~AxAdGw@|BcMcHwB|A}B~Fc@fIx@hCrC@nCiEjDqAbCb@jEzI~DhCzBbJnJlFbFzHxH`AdC|IhEpEdEdA~FoApEpAjGtIzJlBzQ`XjPpAhCpHzNxGnMzOvBZlDsCxCgHPqEiOmMr@qKmA_EaFeDaCqF{BcBoKP{EwHmMuCwPoMsDuGYwLo]iV}Jy@}DbBkCYqLoLkMkAmEgG{AvAvArGcArBsHwFwEAeC`EqApMn@lBhBNdEcFtHu@~B~HnHhGXfE`A`BtGxDdAvBrIt@zNbWjGnB~H{A`JzKzIv@tT~ZjN`@pAzAh@nDrPhI|LpOjFSdEiHj@gHmNiLe@mChAoIaBsDiEmCeBoEoF_DeHx@yFkIoQiF{PcOe@{Lg@oBm\wUkLaBqEnBeHuDyFwGqLu@wEyG}ArB|AlFSdBgBVmFgFwDk@sDfFqAdMxDxCzB{F~Io@~ChIrEvCpCxJjIdFj@|CpAdA|K|BrDlK`EtEzCz@~JgAnEpC|DhGtI|@xRrY`PrAvCpHxOxHpJtM~C~@lCgB|CwF`A{DWaDmNqLOaChA_GmAwEaD_B{HaK{JRkGwIuJcBeRyM{DeFg@wDZqEaAiCsZkTcLiBwGvB_OwMoLw@uEyG_B`B~A`H}@dB_KsGkDv@cCdF}@jM|CjBdEsGpH_@~DrJ|DxBdFdMfHnE~D`GdFTxClCzBtHdCzC~CdAzIsA~CbAfHfJvFPlC`BzD~G|EfEjDzHzMXjBtB`A~DbPnHtL|OhCd@vCmBrCoFfAgGeO{N[sBpAwF~EtBnKoBfF~Ap@oC{DuCA_AlSgp@~Bp@bAyBxDGxCsDbCgOzF_LzCuPvC_G{@d@xEuLdCwJvAcDd@T~KkZ|AaJpKsZjBa@eA[`@oCcHiOp@{A]iK{EkPs@cK{@{UgG}k@xDga@?}My@uIzZy_AVeG,2
2,Ride 17,66387.1,9595,9847,565.6,Ride,Ride,0.0,14324353128,2025-04-29T14:35:38Z,2025-04-29T10:35:38Z,(GMT-05:00) America/New_York,-14400.0,,,,283,2,0,1,0,False,False,False,False,everyone,False,b15880500,"[40.748299, -73.893749]","[40.748707, -73.894325]",6.919,20.57,False,False,False,44.2,5.5,15285078583,15285078583,E6E6CB48-83B8-452C-BE20-9EF956024140-activity.fit,False,81,0,False,68817667,1,a14324353128,}vuwFjn_bMKvJc[tbAf@tTwD~e@XrJfIvm@r@vi@hC~JxF`Fm@rD|@zDi[`dAso@ljB{GhY_H~OwDiBmJzBsFkAuCqGcEmCsEuH}EcA_EbAqCaB_DyFgPuD{F}GkIsFaAaEReHw@{Bo^}VuHk@iGzB{NkMuLo@cF}G}AtB~A|Fm@nB}MyG_CbBmBdGo@bI|@lCxCDtCqFjHe@hB`BxAnGnEvCvCvJ|JzF|DlGdHz@tCjJvBpCvEtBjMm@nDbDbCbFnH\|BfBrBhE|M`RbOf@lCjHxNzGrLlOzCj@pCgBpCqE`AcIcOgNO_DbAoDoAoFsDoC_E{HkEeByG|@gCsBeCgFuO}DaHkH{E_CsC_GAkJ{FkGyWcQkIe@kGjBwGiEcEqFuLu@yF_H{AhBbBnFq@hCoAEiGqFwC_@uDjFwA|L`AdDpBLrDeGbIc@nArAjBvG`ElCpBjIfKhG|EnHpH`A~BbIfDhErFbBjJkArCvB`EdHnIv@bMdOvEnIhCdAfLPnBrG~OfIbDbH`HdFlC]|B_E|@}EaAiGiIyKGgCr@uGiAyCiFqEwBcF{PwByDmGtG{@eKcCcHx@gC{@yOuMyAoFQwH}@uBo\cVwKu@wE`C{EqCgHkIwELaGwA}DaGeBpBbBtF}@`CcHmFaDs@kCrBiBvEw@lJ`AzBnCH~CgF|Gu@rBjCzAlFzE~ChAzGzLfIzDpGlHpAnCrIfDvDzFxA`JcA~IxK|IbA`SfY~OhAhCjHbPnHnLlOhDHvEgGvAgHSgBiNgL[yD`AyCGyCuGmG_CoFaGkCgGx@qFgIgMgCyH}HsH_E}CsGN}Ge@sBc\mVuKg@eGnBkNaNsK]{GyHsAvC|AtEWbBaBVcFeFeEm@_ErG{@nJR`CbCdAjEaGvEkAjBd@~BrCrAdF`EfChCjJlIlErDpHfKnBtBhIlDdDdFjBvEwAzC`@dJvKtJpA|CtGzEzDdFrKlJUrD`AfCrGdOhHzMtPrAThDsClDqKCaCgIiGiE_FbAcJaAkEuDqCkFeIaDiA_Ht@gG}IuIoAkV_QuBwEa@qL_\kUeLeAsFzAeE{B_HiIeLs@yGqHgA`BdBrGaA|BkIgGsCe@_BnAeCpHk@dH^pB~B`BrDqGrIm@~DjJpDtBjDvJbKlFpErHzGhArCdJpCvDhDxAhM{@vDrC|C~FnJ~@~RxYxN`@bCbH|ExDpHxBpMzOhCNnCwB`DwGd@}EcOeM]kDtAqFjGdC~JsBfEfB`@iB}DmEPiArVcv@xEbChEuEjCwOvEcKnf@c{A~M_[B}EkBsA_J{Wo@uj@uIop@GqFnDy`@_@{X`Yi}@fA{H,2
2,Ride 16,46194.5,7006,7266,359.9,Ride,Ride,0.0,14305662073,2025-04-27T16:38:05Z,2025-04-27T12:38:05Z,(GMT-05:00) America/New_York,-14400.0,,,,98,1,0,1,0,False,False,False,False,everyone,False,b15880500,"[40.748136, -73.894064]","[40.748689, -73.894674]",6.594,21.66,False,False,False,44.2,6.2,15265510605,15265510605,2ADFE1DC-D710-49CF-9137-7E7E748657C8-activity.fit,False,36,0,False,68817667,1,a14305662073,}uuwFfp_bMBnEs@xCkZ|_AO~Bl@xQwDpf@V~IrIfm@\vi@nA~FnAjCjDdDzArCAr@o@h@b@jCU|BkAhEs@n@qCrMmBhHqGfS}EzNkDfHsZx~@sEdLoLx^aFhP?tAoEzKeEcCgHxBsFk@_BoAsBsEeEgCkE_IoDcA}FhAmCyBkCiF{COyK{DcFyFmIgFaBgG\uFq@{BuGqFuUgO{Ik@iDpBsAIqFgDmFuGoMgAcA_AkCmE{@Ni@xAJfBnA`C_@tBiAFcGgF{Cg@kC|BeB`Fo@xIhArBtA^dAYdAqDz@}@`F}@fB\xAdBdBlG~D`ChAjF|AlCnLjHdCnFfFPdAh@nBdHbDxEzEvB`I}ArCt@rCnChDjGfFE`ClAnEbHrE|EdEvH`Bf@dL?v@`A\dC|@jBpM|FpMlPtCr@|BuAbEcHh@aDCkBeAaBcIoEmC}DEkClAcEw@cEkEcD}CiGmBgBmD_@aBv@cCBmCgC{BsEaDSuK}D{EoFsHmEkAuBk@wCNaFU{BcH{GsVoOgI[sDnBwASqDwBgHeIeEAaGeAiAiAiAeDq@_@w@Ju@bBRbBpAbCk@bCyAKwEsEwDy@yCxCoAdDs@tJhAzBvCJnAkEbAe@bEs@lBN`BbB|A`GjEbD~@zEfA`CpL|G|BdFr@j@fFBrA|A|BpHpCpDbF|AjGiApCb@lIdK`GT|B|AjDbGfFnF`EjHnAl@rI]jBf@p@r@j@tDp@bAdPlItCtErGxGvCJnCyBzCwHLgE}@sAeJmFeBsCOqCdAoFcAwDgF}D{CgGgEcBaD~@{BIyBkB}BcFmDUmIsCeHiHqHiEw@eA}@qERyFo@yB_[sT_CeAuGYwEbBoBK{DqCeGmHyLy@aB_BoAaD{@[_A\Yz@LpBnAdDs@nB}@GeIkG_CBmAlAwBlFk@vK`BrBtALr@o@~@eDx@o@vEqAfBXrBvCdAtErEzC~@nF`AtB`LrGtDhGrEL|An@hCbJlD|DxEtA|GyAlANpD|CfD~FhJfA|FvI`CjBvFdKvD`AvG]pAf@t@n@b@`Dr@pAzOdI|CzEvGhHvBP|C}BnCoFr@}FwAeCsGgDoC}Cg@gDpAwFjAfAnDx@hDEnEeB`FdBn@_CmEaEDm@fOcd@lFcR`GpCjD}EzAaHd@b@GcC\sBhDsJnB{ExDoNpC_H`@kCb\a_AnAkBDiAlFgLDw@pAiCo@oDAuB[OJcBcHwJ[DoAkDw@_MRqHm@eJBwG[eCPKaIwj@YoHPyFdAcIVKjAcSy@}TbGgQjPkh@tBmI,2
2,Ride 15,46751.9,6665,6748,396.5,Ride,Ride,0.0,14283865522,2025-04-25T15:28:53Z,2025-04-25T11:28:53Z,(GMT-05:00) America/New_York,-14400.0,,,,290,0,0,1,0,False,False,False,False,everyone,False,b15880500,"[40.748212, -73.893905]","[40.748662, -73.894534]",7.015,23.42,False,False,False,44.2,1.6,15242659986,15242659986,79C92307-38CF-4D2E-89CC-23474AD2FA95-activity.fit,False,169,0,False,68817667,1,a14283865522,kwuwFbn_bMh@bFmAhGqMj`@eK`^j@lS}Dzh@|@hO~AtI@vAzEhYDrf@nAxGiA~@`KbKYpAv@rB@nCUfA_Ar@FpAoAzE}BrB]nAX~C{CjNuC|FiGjToFnJwJd[mBvDgGxSqD`JsAt@ZbAaEzKyJxZk@zFoA`A[fCm@ZkBzF_@BVr@m@bBCc@yBgA_Bl@eAWaHnCcEi@yDkGoDuB{CeGuAwAgDw@uDbA_BMwBgBwCyFuCEmJeDsRiPy@gFD{GaA}AyS}NkGoFsJ]qD~BgA?oFuCsGwH}LiAqCeFiAm@y@\]dANnBpAzC}@pBqASaH{F_CEcBbBiB~Fq@lHRzAdC~AfB{@TuA~AuBrDgA~BXz@|@zB|HlEfCrCtJpCjC|E~BnEnG|Gr@|C|IdDtD`EbBzKy@nBrAhFdI|FH|An@dEpGlHlH~BlFzBhAtLFzBbH|ElDjGnBpBpBbCxEnGrFjBLbBs@~EcJf@eDk@uBgJwF_CgDIeDbAaEc@_D}FaFkCaGcEqB}H|@aCwB}BmFmOuDyFgG_J_GkAwEFiGg@gCySoNyG}FkBm@aGIoBVsBhBaB]oEiC}FqHkEF{FcA_D{Fu@Y_AV_@nAFtAvA`Dg@xBoAJaH}FoCSiD`F_B`Lt@nCtCl@hCiF`Dk@hDzHdJzBhAnB`B|GhKjGzD`HhFFzA|@nDpKdDxCzDbA`HuAvF`EtD`FnIv@hA~@jDvGfEhErE|ItNh@xFfKdMnExHvK`CpBdC\tCoBjCiFx@iD@oBu@iB}HqEaC}C_@eDbA}FgAoD_FkDoBgFaCmBmCe@aGvAwCyCcCaFuMuCmIoI{FwCmBwDa@yBb@uEk@_Dk]oVaKi@kDvAqCKsD_CiFiGgGUkFqA{BcF_Aa@{@Za@jBdB`FQ|AmB\aAiBeCmBiEoAs@LiB|BuAhGc@lGp@xCrDm@p@gCpAu@jEy@jCp@hE|IjCjBzBhI~@~ArHtDjBtBtBlEpFN`Br@hA~EdBlExB~BxFbAnEsAnCFzEtEtBbEhHh@xAv@fElHbEjDbFdJdAn@jKYn@^p@|@d@lDz@|AvN~F`FjIpGpFvBKfCqBfDwGf@sEgAmBwHqEkCcDU}CnAmFx@bAnFjApIoBfE|A^qAl@QiDiDa@aBpDiKTwBnHgSdEoOv@uBzEvCfA[jBeFHwAtAuCYoDxBiBrAaDhIaVVmCpCeGS@|@_A`EuOrQmi@jEgJvHaU^Q}@gBd@Sg@cAZ]eEkEiGeNKiHn@p@{@eMI}TiIum@_@oJ~Doe@_AoTbScp@`DcH~A_GRoC,2
2,Ride 14,56649.6,8563,8690,456.4,Ride,Ride,0.0,14255410445,2025-04-22T16:32:30Z,2025-04-22T12:32:30Z,(GMT-05:00) America/New_York,-14400.0,,,,375,3,0,1,0,False,False,False,False,everyone,False,b15880500,"[40.748231, -73.893625]","[40.748712, -73.894057]",6.616,17.98,False,False,False,44.2,5.4,15212963425,15212963425,A0C3A6C0-AE39-45EF-A087-03285ECF9CFC-activity.fit,False,197,0,False,68817667,1,a14255410445,gvuwF`n_bMAvFcAjFuIvXmCjFkJf]\dU}Dvg@p@zBUfFpJdr@QpR`@rJg@`DlAbE\bAf@vCjBf@f@hACdBk@p@RrKqAjKcCdIq@nGqC`OaD~LaEzEqBrF}W~y@eBLe@rCsApByF`S[lDeEbIkApKaD|FJn@u@L_@rBi@z@cAh@l@hC{CvAiDu@iFbCuEG_CcAoC_FkFaDwDcHcEoAuEjA_DyBiC_FyPeFmQaOy@oEVmGoA}CyY}RyKoBeFdB_COoDqB}G}HuLcAkEcGu@Lg@xAzAfFi@pB}@DqJqGcDlAmA~B{@tHn@hFrC\xBeDhDcApCp@hD`EpArDdCfAzCpJ`LtHfEjGhGl@~CxIrDdEbEpAtHcAvKtKjIn@pE|H|GlGzDfIvNH~CrHzOnH`F|H|FzFvC]jBeB|ByE`A{HeNeKk@mDr@_FMmCcAqBoEiD}AkEcHoDyBnAkCKiC_C_CsEaPaEsDqEwKsHkAgFRwGy@mBg]eV{JgAkD|BsBUkFuDuE{F_M{@}C{FkAWuAfB~AjFa@tB{ABuHeGuBCyDpEiA~Lh@rBdBjAjBq@nByDbEwAnBV`BtApA~FbF|D`BtHxK`HlErGnInAtBrIhDxD~DzAhKcAtExDfCbFxIx@lMzOfEhInOn@xBdGfDpCzJbEfExG`HnGzDk@nDcGrAsGSuAgNaLg@gCjAgFWeCiAcCwEwDyBcF}EaC_Hp@cCwBaB}DkPiEkHaHaGaDoAiAo@gDRaHm@eC}XqSmFcC_HUoDjBeBWgEyBaHwHwKy@mFyGyAtBzArFi@jB_BAsGwFeDAsCpEsAtLp@zB|B`A`EwFdEoA|B\bD~JjEdCzB`JnL`HdDrFjIbBvB`IvClDdEdBrK_AvBlAlF~H~Hx@vMrObEnIlBbArKCrClGrP|IrLbOdB^pCuAnEaIh@iFgCyCkKiIQoBlA{EKiBwA_DkEiDcDqGsE}AyFx@_CgBiCgFcQ}EaEuE}JeHeAsEHeH_AkBy]}U_Iq@{D|B}AQoEkCuG{HcMeAqEmG}AdBzAvFu@~BoAKmH_GkDl@qCpFaAbJXbBfBlBdADpDyFlHk@jBnC~@bEhErCnBtI~LrIhDbF~HhAfA`B`@~D~DlFnExAtKo@dEpCxCjGtHb@hSpYvAfA`M@rC~GjO`IfLpNbDr@`FiDzByFPcE_BaCwJeHeAuCRaClAuClFxBhKoBrEvAf@oBmEqE`EgO|Pqi@jFpDfDoDlE}SxBsClAgF~AqBnBgK`F}K|AoE`Zq_AtGwOz@e@g@{HCtCj@Y{CsIeFeHoAmDIaXc@iTcIck@i@mJbEcf@}@{TlQsl@fH_Rr@eDWiC,2
2,Ride 13,53523.2,8789,9050,270.4,Ride,Ride,0.0,14245982837,2025-04-21T17:56:24Z,2025-04-21T13:56:24Z,(GMT-05:00) America/New_York,-14400.0,,,,175,2,0,1,0,False,False,False,False,everyone,False,b15880500,"[40.74835, -73.893968]","[40.748754, -73.894081]",6.09,15.4,False,False,False,51.7,2.3,15203124564,15203124564,65C9D00F-2611-4127-8C8C-F8694A6EAA09-activity.fit,False,65,0,False,68817667,1,a14245982837,qvuwFrp_bMI~FwB~HaNt`@iAfFmHxTsKjWcE|Mmb@vhAeCnImLzX{EtJg@ACz@}CzGaB|CbBpL`AtCNjBp@rAfErBnFfEdM`GuArFoI~ShA~A~@c@E{@g@_@uBe@g@nA^PeDaC`AwAy@_BoG_GkAY}G{GiHgKqB{AuBi@{Bt@qF}AW\vBzBPzBbAtCpHtH~BtD|HbEBl@lQ~LzHlJpJjHhDx@dM`NbFlDUXtB|ClQbLbA~@vA`DtF|A\m@M_Ab@q@uEgIeOmNgAeCeC_Bw@wBq@P{@vAw@_BiB}@kBiC{B_Be@{@d@Sk@u@iPiQ}IoGB[gDyBe@D[t@i@vBlBn@hB~BpA{@p@h@c@Pc@o@@_BjBqCvHaUlG|CxFjE~SrUz^pYdIGf@aAjBcLbLnBrEpBlLtCvD?nVtGtUiATTfCpj@nKD|@i@bISlEiAhKqArB@p@k@DaE`Mz@bJrIdUfYxMrMpC`AzAeGfGr@hIjDAhAzBIzBz@IdHj@l@bA@Nd@|C?YVfEmApDKzBT`Q_FvFoGjO}SdCm@jHtA~A|Nm@nc@o@xLHbJa@fDB~LUnBAfGt@n@jT{@pFiEfHGjE{@nMc@b@c@vPEzDcAlBuBdYiPbWaQ|A[t@aAnFt@tEu@lAgAfBsD|As@fAHlBlClCxAvCfDnEtAzJKtBpCfGbCvEpEpFfMbDpBrBMlAeAbCwJzDoHvAyAxCo@hGNdBy@pFgE~H`@~B}AdA_CGwEiG}MkAgKeAqDmBeDkA{@kEyB{Ca@iEl@wCtA{DP{P`IgCM_I`CqI`GeAhAsAhD{AhAcGpA{Ba@y@w@sAC_Bb@uA|BAdCh@hBnInHdFrAnGa@lB\tDjDfDzAfEvEhFvL`CjBnALnASlAkAn@aBx@mFbHcLjAe@dKKrFaFrJB~Ak@tAaBh@gDa@cCgFkKiCiPmBaE_DwCoFkB_DFeGpBaD@cPlHoGp@aLhEqChC_DvGaA|@aHpAqGkBgBj@yBpCkDl@{AGaA_Cf@kJzEaYE_@sAQ{aAbKo{ApRNaNgA}MaJqBiCh@cVb[uGnCgFzA}EDm@a@gAz@gLEwAGsHaDzA}Ez@wFSu@uSsM{k@go@sR_z@iCam@rJyAoAeCl@iAGiBcDmReDaJqPoTqNwI}@w@y@mA}@L_AMcJ}EMiB`@|@^a@qAsA{FgBk]oE{E}LwFq\w@kCuEqBeYmEj@kLSw@}AqAbFaYp@GIeDdBuJ{GsDyKeEhKq[`@yCS_B,2
2,Ride 12,56493.3,8835,9091,446.5,Ride,Ride,0.0,14216348384,2025-04-18T17:07:42Z,2025-04-18T13:07:42Z,(GMT-05:00) America/New_York,-14400.0,,,,356,0,0,1,0,False,False,False,False,everyone,False,b15880500,"[40.748149, -73.894176]","[40.748726, -73.894484]",6.394,25.52,False,False,False,44.2,6.3,15172033339,15172033339,E03EC379-71D8-4D19-94D5-EA4E7D4DCC4A-activity.fit,False,87,0,False,68817667,1,a14216348384,}vuwFzo_bMT`FcKt]oO~e@j@~S}D|e@JhOtIjj@`@zb@[lBtCpOlGtGu@nEVzByChHUzCkBhEg@zFyI~ZmFdP{BrBaFfQa@EuMhc@aDdC_DaDUbGJrNyAlBuJ|YgAtJo@Du@hDm@CEvAyAvCg@Jn@f@[~Ay@tAuGu@sEjBiGGqAq@qCgFyFyEuCkF{DiAoFl@_D_CuBgE}OmEeFkFeKcH_AgFZuFeBoDo]eU_J_@}EhBmFeDaG}GiMgA_EmGiBzAvAfGo@pBeAEyFgFaDk@_CvBuA|C}@xKj@rBpBp@zD}FvHg@pAbBnBnGnE`CfAtFtAjCpItEzElHjIvAlC~JjBxBrHxBvHqAzAz@pGfJxIv@rKbNpE`JjChAzH[~Bp@|CzHhObH`L|NrBh@lAg@zE{GpAsFEuByJ{GmCeDEaChAiFSaB}AoC}DsCoBwEaF_DkJTiEuHuNmD{HkHuF_DiBeCa@kCNkGkBqDoC_DuTmO}EsBuDAqE`CmBA_FwCaGcHoDLsGuAuAmA_CyDwAhBpAnFk@zBkAAwGwFuDCoCtEiAvLp@fCbB`@lAi@|AkD`F}A`CT~ArBhB`GlD~B`DrJ~KnHxCnFjHz@dD~JhCzCtE~AhHmAbC^zInKfGPlBvAvDxG`F`FfEnHrOx@tBnG|O`InFfI~EvEnDUnBqB`CqFXoGyN_M@eE|@gDc@mCuFwFuC{FeF{BmHb@wAeAqC}FoOaE{FaG_IiEoBcEPkHw@_Di]}V_JeAoEzBoAUkE_CkGiHqLy@aE_GoAWaAnAtArGaArBgKwGqAGcDdDuAnGGjIjCzAnAi@pCsEbEeArBd@zDnJvDbCnCbJdL`HxCzFpHt@pDrKlD~D~Dz@rJeAjDlChDvF|IfAtL~O~CvGvBnAhJQpBp@|CxH`OtG|FpJrE`EzBQdFaEzAoERqD}@qCgIyE{BoCc@uCtAyF}AqEcEeCmBgFiCgCuDq@yEr@aCqBsCoFsCEcJuC{P_NwB{EJwHyAsD}\yT}Hs@sExBsAKaGoDkFyGsDZ}GaBoDaGaAHk@jAxAjGy@pBeAG{JsGiAVeDvFeA|K|@jC|CJhDoF|Ge@zAnBfBbGrDfCvBjInLrHbEhGbHz@pCpJ~DhEzDv@zJcAzDfDlDxFrGVtA~@jSfZdNLvBfFtBxChL`E~FpInFbFbDCzBoB`DeHPwDqAkCmJeGwAsCHiCjA{CpFfBdKeBpE|Ar@}B_B{BqBwAdFuPWYnKwXdCyJl@k@~E~BdBkArCgFbA_Dc@SPeCzAaGfVoq@nA_HnTil@O_AjJsSGuAfAoBaCsCqA_F{GuOWei@sGqd@cByS|Dyd@w@_Un[ybAJuB,2
2,Ride 11,37840.4,5690,5922,287.5,Ride,Ride,10.0,14206786866,2025-04-17T18:07:01Z,2025-04-17T14:07:01Z,(GMT-05:00) America/New_York,-14400.0,,,,360,0,0,1,0,False,False,False,False,everyone,False,b15880500,"[40.748284, -73.893638]","[40.748688, -73.894334]",6.65,24.28,False,False,False,44.2,5.5,15162038411,15162038411,04164576-192B-49A8-905A-045AD82B1FF1-activity.fit,False,220,0,False,68817667,1,a14206786866,kvuwFbn_bMNzEQfBkHrT_CpI}BzE}A|GoGfSI`Dl@hPm@lH_@tAgB|Y?pEj@jHzHfi@VlNCrWhBzJEtAWDhFbEd@hABrDc@`AM`C[PUzGm@VGdC_BzBm@xAHbBNlAiD~HoBpIaGxRaFhLgBnGeErKiMvb@`AkKI}AuBrR{BpEiAjEg@TVeA_GzSmAZBr@w@n@MlC_AvDCtAe@v@ChA{BrDc@fCgAA{@hAVMp@t@e@dCgClBeDi@gG~BqGMwA}@}BuE_FuDgCeF{@w@kEeA{Cx@qBa@yAaAeCeFwCYg@k@WVeH}B_DgC_CyCiHgEwAwEIkG{@kDkBmBk[qSeDEqDu@}ChCcBKoFkDyFgHaDVaHqAeCcFmAm@aAp@Qz@NxAfAnCAlAa@x@gABmAaBwC{B{DiAqDxDw@rCs@lIf@pC|@n@xAAv@g@|@_CpAcBvD_ApBRvBpC`AjFpClAn@v@hAfFjArC|JpF|AlBt@zBjAfAfEHzAt@l@|@@jAlA~DfDxE`Ez@bBC~DmAjC^jBxAfF`IpF?|Ah@dFvI`CpBdBnC|CnGjB|@tC?~Ds@zBx@rBfHpN~FfEzGpD|DrCpB|ABbEaC@}@bC{FT_Dy@uB_IqEgDuEAsBhAqDFgAuA_EsEaDiCmFaBuAwB}@sDlAqBQiCqBuB{E}BG_KgDcHaHwHwEs@qAs@mD`@mEu@iD{]mWmIYuBd@{AfA_BEyDaCwGcIcEDiFq@qBiBuAiDu@Ss@Za@xAR~AjAlCIfAa@l@iA@wC_DsDqB}ACkBfBeBpDcAfKPpArA|ArAHx@o@dAuCr@w@bEiAlBVzArBfBxFbEvCjChJjLjG`AtAr@vBjA|@zDR`Bl@nCbJvA`CpB`BvBj@jHiAbDVdChCxDbGtFNfBd@dDzFxF`GlDfHtAxAfD`@vGS~@\x@lAl@hDbAxAxMbFnDpFfF`GdDnAvBy@rDmFjA}ECcCuAyBmH{D{BwCYuChAuEWoCu@_BkEoCiCyFiD_Cy@kBRgCrCaKbC}G`@_@nBuHhDyIAkA`CsH`AsA~J~G|CzCjBr@Tp@hBn@dFtDp@BlBxBlAqB|@a@zA|@p@UEbAjAb@hACh@_A~@W`AyBfAsHd@W\qB`@]_@eAzBaEnAuH~AoCdDyIVoBVEj@sDAk@vEmM~AwCrMs`@hAcFbBiDtBiDNaCjEiJbAwDFcD?_BRmA}AeBq@iCwAo@JiAgGiM]}e@sIqo@UuH~Die@mAoSfKs\`Mu_@tBq@SmH,2
2,Ride 10,17489.0,3090,3740,62.4,Ride,Ride,0.0,14102218791,2025-04-06T21:35:08Z,2025-04-06T17:35:08Z,(GMT-05:00) America/New_York,-14400.0,,,,1,0,0,1,0,False,False,False,False,everyone,False,b15720201,"[40.74835, -73.893875]","[40.748633, -73.894021]",5.66,10.88,False,False,False,20.6,2.4,15052898753,15052898753,496102A6-B6ED-4F97-A42C-CBA80D5B69FD-activity.fit,False,0,0,False,68817667,1,a14102218791,wvuwFto_bMVhDGj@@l@Ub@?n@m@zB}@~BMp@SX]~Aa@t@cAzCStAWv@y@dBk@tAA`@Ob@y@|BIHi@dBQVUbAUd@I^a@~@q@`CGl@{@nC[ZqBdHaA`C_@tAiD~ISZMj@uAjDqAxDa@v@kC`I}Lf\eDlIgDrJ[^}@lC]pA]l@gBhFoA|CCVc@~@_AfDMJcArCKF{BzFuE~J_@nA_AdBgAlCWVuAnCWp@ONkAvCKd@i@bAe@nAeApBk@n@@TXp@jAlE^nBr@zBHt@bArDfIfEjC`B|FnC`DjBAXsB~GcClFYdAMF_@`B{@xAm@fBBTz@bA\F\UFUAUFWU_@QIgBFi@\NJEFoAm@gA_Ag@m@L[l@q@JY@QS[{G{Fm@Ui@AG[KMsGcG}C{EsAuA]y@yAqAw@i@}@YmA?y@j@UD_Be@iAIeAi@UFCJHZx@l@j@p@ZlCLV\xAX^DPf@l@hBxAhCvCbAdBfAtAfBdA~A`@Lb@t@Rn@b@Rv@HJlB`AhBhBRB~A|A~@d@pCjBbBzAn@TxBjB\h@r@|Ah@j@lH`GpAn@jBZ~AzAb@RbCfDdBvAVt@b@n@bCrB~Ap@V\bAl@zAdBlAlArBxAdDxCjFpDJNDx@l@z@lAx@lBVVZb@Nf@MDYCe@OY@Kf@a@AOc@q@u@cBiB_COo@{CaDeJeIs@gAQ}@cCkB?K]a@?Ya@]Me@FAc@m@kAy@c@QeAMqA{@_@MWc@u@cA]OMS_D_CgA{AqAsAGIAQcBiAHSUe@O@aB}@GWc@Q_Aq@KYe@QsCqBeD{CaCgB]QMJ_ApBNf@PVvAxAx@h@N\TG^?XRt@ILY?IGPUDYWDII_@DOBqATi@PIjAkD^u@b@c@\sAdAuCpAeE^kBJI?KECj@iCf@iAAIT]NeA^_BN[^cBJKRsAvAqF|GuRb@y@LIAo@LWH@?GE@Be@l@_A\oAZK?e@JM@a@hAcDp@{AT{@V_@|AwD?]Zg@XKh@gBJs@j@qATcA`CkGrBkGf@{@pBmGhC}G\]?gAWuBuCeTMcEPmFTyAn@sGBKFAFWZeGn@eGFcBFa@SwBk@cO@m@Lk@x@aBLg@Va@d@{BrBeH|DaMXs@PQG_@tAkDfAeEjBqF?Od@[^qAXqAf@oABi@VaAKuD,2
2,Ride 9,21158.1,3242,3504,74.5,Ride,Ride,0.0,14079747780,2025-04-04T16:17:13Z,2025-04-04T12:17:13Z,(GMT-05:00) America/New_York,-14400.0,,,,10,0,0,1,0,False,False,False,False,everyone,False,b15720201,"[40.748155, -73.893719]","[40.746891, -73.893761]",6.526,21.673,False,False,False,22.7,0.6,15029269140,15029269140,4B54168C-B68B-4B34-A76C-DF0FE2BA60FE-activity.fit,False,5,0,False,68817667,1,a14079747780,yvuwFdm_bMHVIRBf@SRJd@?rCHZ{@jEWb@QdAaBfF]h@]lBkDhKyApD?Xc@f@e@jAuCxK_@p@aAlDSTWpA_@f@OrAmFnM?To@jA?Po@x@A\i@fAEn@wBvFoAlEVq@IX_BdEy@bBUbAaFfMmBzFo@`AWjA[b@y@`DaAdC@RwCtFIfAiAbD?TcArCcBfD?TcCbHoBlEa@f@gBxEm@n@wE|L_CzEw@bCKHIMg@zAy@j@{AzCTnEnAtL?tEh@jDbBfA?J|Al@Th@bBbAxA\bErBKHh@DHFMHh@ZzATpBnAC\]l@y@lDgAfDcAxB}@hAaAxHd@bAh@K@u@Q_@cAc@Gn@rA}HWFw@zD\kDKBHDc@pBgAjBk@RmAY}AaA~@kCh@r@Qs@a@U_@u@kFuDyASCQeHmGkDcFwA{AUw@sBaBeCs@o@BcAp@cAi@oAEoAo@Yb@KBxBdCHhB`@|@XpApBjCRFFZ~@jA`EhEBf@xAlA`A\?RbEdA\hAzAfAVAfBhB|DrCj@~@`At@OXVZZ@dAx@DXJGfBhAz@bBl@Gv@f@XG`PhLv@dANMT^uK}IZl@lOpNdAl@Zt@mKeKvAtAzBrAlLrMzAp@N~@x@XnAjAaB?HJrFdChJbGZV^|Az@dAzE`B^?TWDk@Mc@VUAMi@uCqBkEwAcAaBcBl@f@s@{@LTaHsGmAoBgCiCyA_Ao@kAzA~@sAcAA[_@o@cFcDy@{@E[kA{@c@w@uCq@wCgDeBmAo@y@BKyAeAWa@@U{A{@_B{AgAYqBuBsDsCAQa@W@M[?s@r@_@|APNCRRj@nAnA|A^x@u@XTHSRPMh@[?Ue@@}@Xo@Cq@`AqAd@kALVV_@r@sDtDcMd@d@jFbCrIbGb@|@jBxBz@fBxDxCv@dASD~@ZPZY@|CbCj@TnArATGjCqFx@aDz@cCG`@lDcLHC@f@RMTeAb@y@xAwFpAuB~CqITiAPBPWbAiDpA_DP@v@aAH_@zAi@`A}@GUVc@^QjDcEGc@rAs@rCoCBwBy@oK[o@e@uDJAOoBu@aFg@kGy@mEhAgSl@eGEc@XsEsLwBq@gGDqBKsAj@oFAo@LCIe@JwCl@oIb@wJh@{FI}AeBoAnEwW^yAH?CYjAqIvBqMTmAJ@Q[TGx@qE^_EGaCGWNSIs@FcAs@_DFQD}@Ae@S_@ImC,2
2,Ride 8,39623.5,6175,6247,324.9,Ride,Ride,0.0,14068662770,2025-04-03T12:48:10Z,2025-04-03T08:48:10Z,(GMT-05:00) America/New_York,-14400.0,,,,327,0,0,1,0,False,False,False,False,everyone,False,b15720201,"[40.74878, -73.896025]","[40.770071, -73.98412]",6.417,18.173,False,False,False,44.4,5.6,15017629064,15017629064,6394EDD2-5A7A-4030-94E1-075E00704A74-activity.fit,False,151,0,False,68817667,1,a14068662770,gxuwFb~_bMgQnh@iGrRU`Bv@rS{Dlh@P`GxInm@`@pf@`AfB@c@TPFdA|@|@fBxLbAdA`BxAq@c@r@jBc@s@\lIgCfHuE~LC`Bk@pBeCpFuAlILbAaDbEiBbIoBhCo@~DoCtFiChIhAuEoEpOM|@l@k@sApEuCbFq@dCZKk@xBu@j@mEpKEXj@EUdCkArAoFvLwBjGSzCaIdUkA|Fq@p@{AtFw@x@k@rBqEiBqGjB}DiB}Dq@uBoEbAIqFkBeCkFkAiAwDeAmDpAsAEeCaC_CgFiDIkKaEyEmFmJuGmAyFGiEPw@_BwCm[gTkIk@iBXuBzAuASuEuCaGsH_EFqGoAmCkFq@[}@b@YhAP`BhA~BKvAa@j@u@FoFyEsDaAy@\mArBqAdFDtBh@nAXYdBfAjBcApCOvCvBjAtCvAvAbFdCzC`JdHrD|C`DdC~EiA}AzFdBWy@ZFpBvAtBzGbBbChD`B`OjAjDrBvExHzEAvAZhAbAjDrGxEvEdFrIzAf@nHk@vB^r@xB|A`B~@NzGjG`D`BxDhGrEhFnB\pBcAp@qAf@oG[u@jCsFcFaCqEiFWyBbB}F]uBeAoB{D{BeEeHmFuA}EhATHkCeCsC{FwC?sK{D}GcH}FkDgBcEWoBTaDiBsGwTkNuBeCcCo@aFjB_Fs@uHoCiIkHmDH_GcAmBuB_AgCy@Wo@Rc@jARpBjAxBW`CgBFiEmE}DmAoCvCSjCs@bCSbEfApCn@Xr@Iv@}BfAkA`EMjHdJhEhBh@|@v@dE`A|A|KxHxDpGhFTjAx@`CzI|DjEzEz@rFwAhBNhErDtAdDhAlArGRnAr@nFnIjD~CfDjHz@z@hBd@dKOfAhAlA`FlFjDlHpCfKhN`DrAbD}BtD}HXgEmAwBcIgEgCaDScCrA}FcAaEaFiDqB{E_BcBaDgAqDrAiBKcCaCwByEgDOyIyCcHeHuHkE{A_ENkJaAwCoB_@yBoBFU_GuDuAa@aAwAqAC{Q{FyAP_BtAmC]eE}CuEiG{@[mKi@kBkB}@mCu@[uAnARzBfAlCQzAa@`@mAEsFgFaDk@qCfDsAlDUfCDh@HLk@hCbA|BbAVbA_@t@kCzAsAvFeAvA\vA`BtBlHnDvBrAxFrAhClKzFrDhGhGh@bDpJrCbDpFrB~GqApCp@bGfJhBv@tEBjBvAhE`HfEdEhDbHxClAzHe@`Bb@bAlDxBlCfMdGXVaCw@dFpG|@XfDhEvCnB`BBjCsAlA{CO{B}D_MAyFkDgITwBjDrBpCXvJuB~FrDBdAiB~GcFpNcAnEa@R{AtFEzAaAbBqA^uB`C,2
2,Ride 7,172874.0,28706,32432,815.0,Ride,Ride,10.0,13929774204,2025-03-19T10:07:47Z,2025-03-19T06:07:47Z,(GMT-05:00) America/New_York,-14400.0,,,,166,4,0,1,0,False,False,False,False,everyone,False,b15720201,"[40.70137, -74.01267]","[41.707074, -73.937588]",6.022,18.0,False,False,False,228.9,2.2,14868671730,14868671730,FA35C04F-86F5-4B66-9E15-171E9510069B-activity.fit,False,77,0,False,68817667,1,a13929774204,kwlwFhzvbMkIfCy@xKuq@aMov@yPykBaHsn@_OwU`EaViGqn@ea@_K}NcPoKsj@iYoFb@qCsIcM}IyPsDgAeHc`@mNgoAsw@cHmTcBeG{n@c^gk@gc@aJh@qCtEqT}Xmb@}[gHfCcb@eW}SmDs]qPk]lBmQsCgE_JdEkAmLaNee@{XcGmIgq@eXeBE|P_XrX{O{Qeh@ei@}YeMeP}AqDtDs[k~@kj@uIqLaAaK{X}FcK{OiSmLqhAyUkkAoLuhAc]sXcb@uk@u\aDeJl@sSmB}Lo[w]aMdCcJfV{JfKwGfZaj@xUgc@rFyc@uPqg@yBs{@uSkdBo`AyYeIc[{Ucm@aKqKkJeYeFcn@mTaf@uSmM}Lea@m|@wb@m[e@jDmM`B{Fi@eEyGo^YePnWcRvPqHxb@uZrGuUgZwm@ih@kb@{SoTsg@qh@{Bin@ag@qd@bJei@hTeShMuQhVmStIaeBrk@sLViSkF_z@iq@caA__@yXYa[kRsMeOfA{DcEaIg@kPwe@op@wuA{d@k\mBk_@}Qob@o_@yg@yBuXpRqGtXyRpQauA`Gi\oIeg@m_@ecAeKiXo_@_ZgDo_@wXu^dDcfAkRyT{Pwk@uLgi@iYcw@gA{`@kWwz@bDoSwM}Wq]qc@cCg_@cOoHwNcOgI{Wo^qKuc@fClDmAeHqFuHwSgJYgJsEk@uUir@_C{_AdCyRgCeLo_@qIyY`K{GmDwI{PwVuEcGkSuEuDs\vAwOyImVrC_HaJuCoc@gSeR}Dm`Ar\gXpR{{@SyLoQ}Zk@qPvDgTxMcTnaAgTbH_GrAwKaL}l@nLwJfFkRy_@sIkQfH_Sg@ww@kd@yqA~Co^vNuhAqQoV}N}~BmPiU`Dm]tWoMjm@iFlKyu@vYsQhTgMjGq`AtKyb@z\eUzd@eMvJsqBbo@wv@xa@sTd@oVrIsa@aM_TMgd@{QamA_@wTvSkVhj@ic@zIuPlTiVvJwAhOrDdKlrA`h@fnAxtA~FfMb@|RyPh|@i@lNtF|Stb@|\pGxUUbQgIbl@lIth@hDftAnCd{A_En]c`@vy@qHbd@q`AxxAcCdO`A`g@wBbPoc@tz@sLvMa_CtvAmjAl_Auh@zOuv@rN{kBse@oj@hDcnApn@}TlReZno@eNjj@wLxPef@`Ned@qBwTnKyj@~cAyQbk@zM`lAn]|lATrvCd@{mCw@{KaBh@NfWbFfIvErB,2
2,Ride 6,28128.2,4521,5073,118.8,Ride,Ride,10.0,13845376315,2025-03-10T17:50:50Z,2025-03-10T13:50:50Z,(GMT-05:00) America/New_York,-14400.0,,,,26,0,0,1,0,False,False,False,False,everyone,False,b15720201,"[40.748626, -73.894367]","[40.74804, -73.893833]",6.222,18.48,False,False,False,33.0,1.7,14777975707,14777975707,F0D1DD01-8FBE-4A5D-9955-E6072BFAA7F1-activity.fit,False,17,0,False,68817667,1,a13845376315,gvuwFvt_bMCzA{C`LoNlb@{BfIgC`HSpAyJxVyUjo@Q~@sAzDiNb_@]p@KMU|AiGnP_EhJ{@pA}@pCeGzLwFvMlA~HlAhFxAxEfZ|O}AbGwAdD_@~AgAlCwChGTl@x@z@P@f@u@Gq@q@e@gAEa@l@YCgC{Ai@u@Ge@JLbA}@A_A{GwFcBa@cG}FkEyGmAmAYu@}BiBy@]}AAsAr@sDw@cAi@Ob@jBnBVdCt@dCbHpHzCjExBtApAXDVxAt@h@dArJjHxKxHj@|@ZHh@|AxCvCvF`E`C\rBjBZDlBvCvBlBt@vAnBdBhF~CnA|AhHpGxFfEb@h@L~@t@z@dAl@pDbAb@UD[WOBc@`@u@kAoCwBqC[{@{MaMq@y@u@mBcEgD]e@c@cAwAoAgAM}@g@k@g@HAeAwA{EsD}AwBoBmBgC{BsCkBGa@yDyCSBuAmAU@iDmDa@BBjAo@~AxDbDTBv@wAf@BT`@Yf@i@WS_@@i@XkAIUVUdG}NCLpBcHfI`E|D~B`A~@Zd@EHtB~BjGnGjDjEt@b@f^rZzMOxHfBB^kAhHEtCWhCEb@U\MEfADb@q@d@dBr@@n@LzB~An@`Aa@v@tBd@~@x@n@lAf@XJb@pBfCdBr@jEfAtC|BtFz@t@f@fAjBZRpDsAJa@]iB{AcEmBMsFkBqDg@_Dw@qCaALSEe@Lg@N{Fp@{Gr@kICwAL}@eAqDDe@^M|BTnWnGtB@~P{AhAlUFvDJ\PrF?zBJdB^t@hGu@xACFLZIDWd@AFSRHbDu@`EDFg@[yLe@mFLu@g@sDNTUcC]kJCsAJc@jD}@lEiCfGgClDgBHUzCcAfRqJ|AsClAaAfD_EfB_Bk@wBW{AE{@_AoAg@e@Ci@a@k@?g@cBmBTf@i@gAeAiAiByAeBwC{@cCy@iASk@R[k@eBy@_@TCWu@sA{AHg@RCHi@i@sD{B{MyBgIwBoD{MkPsDyCuKgGqAg@a@T}JqGq@QK{ADMT@?`@DMXh@LCBk@yDsCGPeABU[cSeCWYwHm@gFcLo@oBAa@{AoG_AuEcAsF_AgCIiBcAiDSiAJYi@gAGkAVv@gAe@Jo@YmASQWaGSUAq@e@aAFSm@uHi@yDDg@^g@cAkPPa@YiADSBZe@g@PoBUi@}@oXGk@SWJWOyAAuBGs@Uc@Hq@QKPq@QsAU[G}@,2
2,Run 1 Bieg Tropem Wilczym,2071.7,684,740,16.8,Run,Run,0.0,13771070530,2025-03-02T17:07:00Z,2025-03-02T12:07:00Z,(GMT-05:00) America/New_York,-18000.0,,,,0,1,0,6,0,False,False,False,False,everyone,False,,"[40.700502, -73.85238]","[40.700506, -73.852472]",3.029,5.8,False,False,False,39.4,30.8,14697285193,14697285193,B9C4F5C5-BE20-4DC4-9A41-DD33F515B55C-activity.fit,False,0,0,False,68817667,1,a13771070530,allwFf}vaMSKQESB_@NCDM?]NE?GCI@SCE@a@Ea@K_@CYICGMAQGg@_@GCO_@USQUQi@KOKm@IO@KOs@IiA@SAO?}@JmA?IFOD[DIBODODUJMBYJOH[\s@LM\s@HGNa@HIJa@BWL]CYDKCG@GCGBIEWCa@SmAAk@EECTFRBf@FP@PDJBTLj@AFCp@Iz@MXAJGJAJQPCJOLKRKJCJg@`ACLGFETGFW`A@JSj@@ZEL?`@It@?nAC\Fn@Ld@BTFRTp@LRVVX`@|@t@ZPHJL?ZNL@LC\L^ARDR@FCF?j@O@EDAn@GDF^L,2
2,Ride 5,48006.5,8351,8551,369.9,Ride,Ride,10.0,13763547811,2025-03-01T20:57:32Z,2025-03-01T15:57:32Z,(GMT-05:00) America/New_York,-18000.0,,,,496,2,0,1,0,False,False,False,False,everyone,False,b15720201,"[40.748434, -73.893833]","[40.748539, -73.89388]",5.749,22.62,False,False,False,54.5,6.3,14689116205,14689116205,779DAA5E-D2B2-4AD3-A08B-DF8E6417D1EF-activity.fit,False,196,0,False,68817667,1,a13763547811,ovuwFjp_bMJlFgBfHcYnz@z@lU_Erf@VrHzI|n@Z`i@rCvJvDxEj@rCYd@ZNwAvI}@lBSlGiEhQmD|LuAxBiBxG}@l@GhBUvAeCbK_KvSj@aCuAvB_ExOXTkB`HuHhQu@zEeCjDyJn\o@r@aAdFZ[y@r@TUn@xB~GrDo@dCi@TLlAaBpDQjBsFnNTPq@xBuIiBuBhDcBp@yCmDgHqDyCuE@aBlA_FKaBuAoCgEgCuCkGoF{B}CzAoBQcC{BkBeFgDGiIuCaGeGyHmEqAwAgAwETiGk@_C{GkFiB}@yBqDcCqAgTsEkEfBgBSeEiCuGcIoFDuEaA_EiGgA`@[dA|AjF_@|ByAFyG_GgCOyErIo@jJ`AlBlAXn@[hBuE~DiA~@\zBnBpC|EnF`DnAtFbBzCtIdExEtHhHr@pDjJ~E`DbHn@zC]|CvCl@dBzFp@xTjTfHzKtNPhCvHrNpG`IhL|EvDfE_DdDiI\yC]eBsIsEoCaDWaCr@kDEcFe@iA{FmDwCgHiGsAqDhAZFuDeCgBiEkK}BmE{EwOuIoAyBjARiB{BBeIwAeFoPsIc@_@nCrAmN{I}Ii@yDxBmB_@kD{BmGuHiKs@gDqC_A}BcAY[Jd@d@cAvArAjFy@fBiACeHcGsBQwBfB}BjHi@bGVzAfAjAbBPbAcAnAyEvFaA|Bh@~A~BhAzEfEbDbCrJxKbGrE~GzGv@rC~J~D|DhEx@bFoA`Df@tCbCjD|F|G\xAx@hDdGvMpQxBl@xJWn@l@|CbHvMtGbAlAiAOh@|@lJpJvCjAnCkB~DoI^mE}@mB}H{D}BqCa@qDbAyGwAwDaFeD}AyEgBqA{En@qDq@iC_BgC_F{M_DmJwI{DsByB_CaAwDGgHi@oBo[}U}E_@uJ~A}B]wEgD_FoGyJe@}@e@qBiEsAu@iB|ADzAbAjCi@tB_BBaFuEyDq@uBdC{BnGQ~HzBrBnAg@hAcDjAmAlDWrB`AfE`HrEnCbArEtBvDrJfGnE|GrDGxAp@`DvJlDbEhDjAlJcBbFjDnA~CbCzBtGHvFjIpEnEfElI~CbApJGdAzDnA|AnE~ClHlC~CnEcAY`@r@fK|IhAEtEkElAgCeCl@hAeDb@eFi@BKsAyHkFcA}BF{CbAgBvH^rHyBzEhBr@{B}EsDzB{EE_BtBoEX_CjA}A|@qEnDkJxA{HbCcGlEjD|Aa@Li@a@SjMoYlBsJ_ApBj@wC`EkJr^}gAhC}EdAeFlGaSi@oCVy@gEyFkBqAg@mFsBmISmd@_Jen@UsH~Dwc@y@yWvWsx@t@mBbBs@g@iK,2
2,Ride 4,28250.3,4111,6627,98.2,Ride,Ride,10.0,13736451741,2025-02-26T20:04:58Z,2025-02-26T15:04:58Z,(GMT-05:00) America/New_York,-18000.0,,,,8,1,0,1,0,False,False,False,False,everyone,False,b15720201,"[40.748264, -73.89375]","[40.748106, -73.893831]",6.872,21.347,False,False,False,33.0,0.8,14659655851,14659655851,AE53B853-32A5-42B7-B9C2-2B23E9EB4AA6-activity.fit,False,6,0,False,68817667,1,a13736451741,avuwF~n_bMLfDSfC{@fDgEjNaA`BO~@qEpM_FtPq@lA[tBo@zB{AxCc@zBcB`ESDAf@u@hB]LuB`EItAqEfKcBjGwEvJoAfFiA~BCn@aArAAl@g@l@Kr@m@f@Ad@e@h@{A`DCj@s@x@eGzUYPMpAkBfGaB~Dk@l@uC`Iw@hAgAdDkB|Cm@bBFTU\aBd@YtAm@p@Bl@k@`C{AhD}@|AOx@PnAOPvBpHh@zE`CjBlB`@fAlBjAr@jAzACz@y@lEXJFf@BvCM~@~@pDo@q@kAKoB^I|B`@bBm@LPjAyAqDu@@`Ck@~AnAqAEoEuDkAS_AuA}@a@eEqEwCsEfAnAqC}Ca@aAgBuAmBs@s@?yAv@sFyAO`@hBjBPtBf@xAtBbD`CtBrAjB@`@nAZrCjD~@`@qB_DLB|ChE`Bt@\`Ay@wATRMa@bAjAnAl@rCtDzAlAb@R{AeCbDtD{BgD|@^pAvAvAf@Lh@rBZjNlRlBbBfC\xC~BhFpFn@tA`BzArBz@^b@Bn@~DRzHxKkEeHnC`DjC~AMg@fFfK|BrAlAVfBy@W]n@{@kBiDuB_DkEgEcHqF_AaBw@U_@e@HASm@]CuBsDMy@mBkAi@GzAhBmEgCkA}BeAk@mGaH}@Y_@iAQJ{BeCiC{ASq@aA{@_FyDg@Iw@_AXD}AoAq@O_@lCXbAtApAl@DAXpBi@ZRMb@a@Cs@oA|DaKs@n@^eA~B{D|B}HjGpChGjDpCjDhBjBtEnDjDfBhAhApM`PxNpLlFC`@`@pAm@`FXo@PpA@QnAL^DtAQfDdAhAGQ`Af@fIdN|B`BDb@jAxAhCdBhBnDhDt@aAcBd@TOw@ZJnBxBbAZfAfBxFdB|AxARf@vAwApBa@kBiGoCu@sADqBcBkFIcBu@u@@`DBCRsDi@aBw@PaA]eCJyBpAyI@wAp@uBPoFO?WmAY[b@k@xCYpDZzQfEvSyAxB~a@tWcC~@JbAo@t@C@eCUk@EgEk@mHe@OcBh@i@sOkCZ{@mLkGf@HfF\rCofAoqC?e@LkDNU`@aOxBc^V}AHaHVmCJ@q@}CaBkEL{@QmAsAiFQGBYj@rAk@aCq@QCiBe@eCZn@mAqACYXu@Ys@cAwEDo@a@wEVgC}@}KJ_BTUYoAL_CwBmM@sFUoBa@kAHm@QYRw@Cg@K_Ag@oADeBOe@Nw@s@mB?s@UW,2
2,Ride 3,18410.9,3194,3286,73.5,Ride,Ride,10.0,13625692294,2025-02-14T14:27:17Z,2025-02-14T09:27:17Z,(GMT-05:00) America/New_York,-18000.0,,,,2,1,0,1,0,False,False,False,False,everyone,False,b15720201,"[40.748223, -73.893898]","[40.748485, -73.894025]",5.764,21.54,False,False,False,20.5,0.4,14538693753,14538693753,60EAE488-ABD7-41B6-8419-D8C1821C0B75-activity.fit,False,1,0,False,68817667,1,a13625692294,qvuwF`o_bMVnCIzAYrBiC~I_AdCqH`Um@dCcA~AClBYN]bAi@`C{@hBAj@}@tAg@rAAb@oE`M`BcFo@`C{AjDCr@Wh@EGEj@m@r@]j@Y|@SfCYlAiB`DQbAKZa@p@Dl@Ad@U^HNEZaA^y@dA}AnDyGzQMdA]NOv@[XF\g@d@@V_@f@{@`D{AxC}BvIwA`DBM[l@CIWZcEdNoAjC@i@k@|AV_BMHGf@g@n@BVq@Z[v@kA~AKv@wCfH[b@m@Ns@jB@t@k@`BSDEFC\_AtA_ArBk@lDgBtEYjADPq@`A|@vDR`B\|Ar@vAj@Rv@vBh@^XEPT`@@~@p@hCj@h@FBMPTr@PrJbM`Al@k@fC{AdEWpAsBlEMh@Gp@eCvEHj@`Av@dAg@Di@Qg@o@WCOcAGj@HS]eCJ?k@Y]Mq@FBQa@gAi@aBoC]Aq@yAkAWMUuAo@qAuAy@g@a@w@aFmFs@oACU{AoB}CaCwBKiAt@oC_AMNN~@Mv@XzB~DvF`E|DJZxBp@\TTr@|@VPb@vCn@l@Cv@d@h@GtBdAb@Q`JtQ`Ad@nB|BZSt@jB\ExAn@b@AXHAOb@f@VI|@xA\T?P`AJG?\\r@AXd@t@Tp@|BjGtF~FpGH`@p@t@JErArB|DzCxAh@b@BlAbClHpGP|@p@bAnCl@~Bk@Dw@gAoDaEuGaAiAWCBu@Yc@A]_@{@?Uq@m@e@{AOc@AsA_@{@cAm@PPKGg@m@gAa@wPeFyBaC[OER{@}@o@S_@u@]YU@Wg@eAw@Oe@_CkAaBuAmE{GmBi@qDcDWe@vBvBYOU\N?IRf@^Hv@o@KW\`@CBERh@YL[}An@mAVu@WCAMLSMATaA`DgExAqDnAqEtHgZfAcGdAeBnAqDEIRsANQLeATo@`Ag@hAeD?]h@uAz@s@F_AVw@l@g@fCeIn@eCfH{QLaBvDuIfAsDdBgEG[Ne@QIJ{Bb@oAKyBFs@yBuNOgBEmDBiAt@uHZaC?L@oAX_DEa@f@cBHeBIc@VyDCkFJ{@i@aNZo@RkA^g@Fm@TS`AoCnA{El@sAAw@RgA^QLkA`BoDrBaHXeAN{Bt@o@|@{Al@iCf@_@Jw@d@o@`AuFWaD,2
2,Ride 2,19473.3,3253,3402,71.8,Ride,Ride,10.0,13600002596,2025-02-11T14:37:46Z,2025-02-11T09:37:46Z,(GMT-05:00) America/New_York,-18000.0,,,,0,1,0,1,0,False,False,False,False,everyone,False,b15720201,"[40.748195, -73.893881]","[40.748441, -73.893963]",5.986,21.316,False,False,False,20.6,2.4,14510686922,14510686922,D8311E1A-A97F-4B8D-B4CD-17F1B5C622E6-activity.fit,False,0,0,False,68817667,1,a13600002596,cwuwF`n_bMR~@PhFkFfRiIxUYdBq@pAKdAs@`AKbC_@j@i@JPLuF~NB^i@vAM~@UNIn@m@pAM@Wr@Hn@i@f@@Zk@t@Oj@g@DWZqBdIiA|C\m@y@`CSL_@pCkCjDj@_@gAhBcBbEDf@c@j@?d@e@tBi@xAg@f@SdA{@xAe@|@g@JQn@eAzAuBlFBZo@xAC^s@f@k@dAMEI^Tj@Or@KDmApBIp@wBxFi@pDuAjEg@t@QjAExA{AxCEn@_@Rg@z@OpAg@rAqCtDsAtCEr@k@b@Oj@JE?VmBrAiCfI|@cBaDdGbAcAO`@Hb@GhAjArI\hAl@\vBfGzBhAKa@Z^g@qAXb@|A~@lD~@tDbCnBrBpBvAi@`DwB`Fm@rDiCnEUj@o@pBJ~@r@f@ZF`@g@?k@Yi@{Bm@q@vAd@j@Q[q@WS[H??e@O_@@iCk@gAiEcDi@y@m@IoBiAgBeBHEoDmCyEcIcDqCgBy@{@@mAn@cAHsBmAm@N`AfBHdCd@zAbBbC`EdEtA|@r@Af@VH\hC|@^lAZPbExAlAC\b@v@CrJtPzBjBl@D\^GBJ\h@PAMXLd@O`@LbAt@TUz@JjAfBd@Rh@bAjA`Ah@`Af@N^b@pDrFnAv@Rh@ZDNb@d@H~BxErC`B{@oBBLZt@g@qBHU`BZh@x@p@B`G`FbJ|Nd@^Fr@r@hAHHoHyKhAd@Ig@TBzJ`NxAl@^YFYMi@RW?_@eAqCC]g@gAsFkGiHeGBWuBqBKm@{Ay@u@w@ASPLq@_@c@s@]uA_BcA_C]y@oAqBaAgFuGaAgAe@KkBsBe@PI]WQa@HUu@_AIQi@}@O{AoAIBu@lAh@eByGyBe@RAMhAz@DQXGXNLLAV[EWq@x@}@d@wAd@e@jAsExC{GhBgG~CcNp@C`EjBZE~A}DzAuGrCaHHy@fAuBF_A^YBaAf@{Av@{AdEyFlAoDl@g@Qb@Rw@jAaBtA_ErB_F|EkJfAmCn@Mp@]FgB[kEq@}Ee@aBWoDLyA]Sy@mDkAmLy@aEKgB?eEZoFJYEU`AsGJsDPgA\iG`@mCcAgU`@{A`BwDlD{KVwCTo@GUhEqJIwAXYAOZO\uArA}BHg@r@{Bd@@\c@GeAHgAXmBt@kBCkC@_A,2
2,Ride 1,18784.8,3113,3285,75.1,Ride,Ride,10.0,13565614664,2025-02-07T16:15:25Z,2025-02-07T11:15:25Z,(GMT-05:00) America/New_York,-18000.0,,,,2,3,0,1,0,False,False,False,False,everyone,False,b15720201,"[40.748169, -73.893821]","[40.748508, -73.893982]",6.034,24.627,False,False,False,20.5,2.4,14472939678,14472939678,709E3261-3C8A-4720-9063-12E5CDE85B7F-activity.fit,False,0,0,False,68817667,1,a13565614664,uvuwF|m_bMVdGOrAkA|DObAeAnC_DjKqErL_AtCAbAi@dAGjA[p@ISMXF~AKhAOHEhABz@UZMlBmAdCeAnCUPHrA]hBc@~@?z@eLfNmBbFIrAc@dAF`@c@fBQ??N{@fAk@d@?Z{AhDUhAo@jA?l@WZSlAe@hAe@Xo@nAqA|DBf@W~@QVIfAYL]tAaArAaAbCDHU^Gd@KF?f@MHOdA}@`AOv@o@zA{CzGgAdEqAbDGFGl@w@~AkB|EH[F|@}@j@Hv@i@x@KfAoA`AWn@qArAuAnDLKCZm@Rs@z@P@IjB}@TcBtBNW?T_@OXzBqAzAFNGvASd@MdANtDJbAn@x@XzAXVBz@PxAb@v@bCtB~@b@r@x@NAJXtDvBVM\Rj@fACVJ\t@bAj@jBFtA`BzD]tAk@dBiA~BSp@Vn@m@pGNk@Im@o@Wr@mFw@WeAdJw@OI]F{@_@KDJS[JMMUJ{@KJ]}@UA}@uBaBUQ{@o@iAoCsAoB{BaEoCeFyHFLGWiB_CkAYcAVcFqAcARaCUjBhBNlAPT?j@f@|@AZl@NlChDd@fAb@b@VbAn@XFTHKHXh@TL`@~ANjBvAtBr@zLdN|CxBp@PfCzBRAhA~@KEJEBj@LXlB|@f@bAXA`FtFnBhA~@HnAjAv@XtBjBv@`Bh@Lf@n@\EXTTj@T@p@z@n@LtPnQnGrEb@zAt@t@rAp@hBXTk@t@g@Y_Bi@oAScAk@_@Uu@gC}CoEeEeAo@oBk@Io@Oo@]Ym@T]s@c@QHBGJa@i@s@DsA_@c@NgJcQiB}AnFxIk@[X|@u@F?a@IE]aBw@]gG}KvEzK[WaJeQmAiAWBa@e@YOSD_@MwAs@aBQDJi@oAs@d@SeAiAK[u@a@IAr@IC`@x@l@L\a@PXHr@UaBVqARSvBwGbAkBrCqIjBaIXeCLS?k@JA?c@`AgC@{@Rq@`FcMhEeMlAsBJwA\i@^Md@uA|@cD`@]IUBK`AeAR_Bz@aD|B}F|BoH`AoBj@wBpC_IlAsC~AyEAk@XcALOG_ARS?u@yB{Oi@yEKiCDcB`@cBEu@Jm@LECYnA}Ny@bHBm@v@uIj@gFIoIU}IMwCrEgMjAgEn@sA@e@T]DaA`CaGVuCb@Ir@w@D}@\s@n@sCbBsBJo@C_EfCkGUuC,2
2,Ride 25,28189.9,4655,4791,117.8,Ride,Ride,10.0,13226071842,2024-12-30T19:05:32Z,2024-12-30T14:05:32Z,(GMT-05:00) America/New_York,-18000.0,,,,11,3,0,1,0,False,False,False,False,everyone,False,b15720201,"[40.748267, -73.893715]","[40.747453, -73.893737]",6.056,21.88,False,False,False,33.0,1.8,14105327592,14105327592,350306C6-05A3-4E47-9C04-5600D8EF0AD9-activity.fit,False,3,0,False,68817667,1,a13226071842,cvuwF|n_bMRpCS`CsBtHwGzSqC~GoBdIyClHY~@[`CiEfL{CjH@lAaAfAkAdC@p@i@r@wAfFe@p@_BzAkClFu@lBy@r@gBlDuAzEoAtDS|B{BdHSlBk@`BYrByC~IgDtHSlAqFtN}E`Kq@vB}DxHQfAiA`@q@dA{AzDYbCgCpEd@|AxA|GnBz@hC|ASrAhBxClC|AhF`FrGnDs@vEgCvIuEfKHp@|@p@v@SHg@_BqBkAxAoASi@g@A_@MUl@]?eAYw@yH_Hy@Mw@{@a@i@i@_AiFaEyCsEdCfADHu@gAoDoCsD}AoAGkAl@qDs@qAo@U\nBjBTjC~@~@`EvI~FtFpAt@iDyBz@TJd@bARP`@dNxJgEgC^d@|@TjEbDuCeB`DfAzMvKrBdDNJXELf@ZFfDpD~E`B~A`A~@~AhAv@`@lAZHbHpHwC{BfAz@TCn@~@dPxLoHmE|@lAdChB]Wn@h@~JzFtApBfDtBh@@f@eAr@G_AyDwBgD_I{HsAgAcBa@Di@_@YCu@WK[aA{@M@_@sBuDuCmBuAWeBgAwAmBaFaEcBiCoBi@wFoG]@eHuGMNu@c@SHMe@aAz@FZQXl@dBxAGZj@Yq@VeCbA_D`BqCfBiElB{Hh@SfNpIp@pA~Aj@v@tBpAbA`CrErCjDbQxKdAnAdCrARh@z@^~GlGt@AiC}ArAFtCtApBC`@RrA]rBDrGhBWj@JrB_ArFJ\U`@CpCg@`@`AJOQRBEOJf@T?LXlABn@rAIDdAp@Mj@zHjE`CpD`BlAdFnBZDuBoAtBnAnBFn@XfAzA`AW~IbEpAo@De@Om@qFqCzEpAa@cBu@sA_CWiGmCAQZD]W{BXuFu@S{J|@iGKuC`@iC?iAk@[C_@HsBU~AMyB`As@VZfHeAlPnE`Jc@vOwB|JO`H_BRVtCoBfCiAdDgAhB}AhB}@P}@`@Zl@O~@kAzGoBj@sAuD{POgDi@oDS}D@kAQQ@{Aa@uDG}CrCcBPi@d@KT}@s@eFjAwBV}B`@{BiDqSoAcEwCaFwOcRqOiJ}@Y_@ToL_HIyBTDR`Ab@]oD_D}AP_Cq@gJaASWILuM}AcAe@{EkNiCyLCw@eDuMSaC{@kCDg@{A{EHK]{@[cC]i@GuBu@uAHiBS}BWMGcMs@_RF`CB[Qf@OgASeDAgHi@{LE|AM_AGsII_@If@_@uGKBBuE,2
2,Ride 24,66227.2,11154,11608,428.5,Ride,Ride,10.0,12917225011,2024-11-16T19:16:58Z,2024-11-16T14:16:58Z,(GMT-05:00) America/New_York,-18000.0,,,,155,1,0,1,0,False,False,False,False,everyone,False,b15720201,"[40.748129, -73.89383]","[40.724638, -73.936661]",5.938,21.9,False,False,False,75.9,-1.7,13774371911,13774371911,AB4F9446-4EBB-4EC5-B037-4931ECC14F80-activity.fit,False,58,0,False,68817667,1,a12917225011,ciuwFvq_bMMlJx@nBpBl_@d@n@u@Gn@~BU\x@rAKvPrAnEg@pEn@nDMvBjC|DtG|a@cCuIAk@~Nxi@nd@bHfDnCsAm@XnCbLbGfLpEdRjRvDdFtC`HtEhXo@bBdKfTjIrIxIxTfIzIpDfIbEdFfCvIrA|@PjBh@o@p@`An@c@m@pBXdG`QbJdChCNvHuA|Iv@hCwHp_@DbBmFpSf@tHwFdSe]|`ByLgGqKcCshAct@aDoDqIwCkCoDaOqIoBeDoNeHlDx@w@sCyJqAuGgEmEeAy@`@gSwIiCoI{BgDqI_FsJ{HaEwE}FkAwGsG{Em@eCaCp@[{@ULg@}@WOcAyEmAqC}FmJyDcEmE_KcCmIsEcMiKsMiHmFqFiMeFkOsK}At@ScB}A[s@eBa@V}McKaNyKeAwBiHkB{@{BmB_C{EqE}IiBeHmDmOcJsDiEiIgFsE_DuA]dAf@cGnH{Ce@^P_BHiCvIcCfCQxD_DtH_EzOyChGqAvENtAwJ|We@?}C~NwCbG}EqAwCcDk@sC}D_EsTkJoLiAeEyCaBJyBgCqEsBaE?qD{AeFkEy@_CmHgGuMeDmCiCuLuFaTqXgg@{U{OgF{a@qVmCwGwMiDcIwEsIWcLrEsKhCm@nAaGrEkDd@j@^xD|QxI`HfT`I`MvBtTfKvBvC_AvLxIhPUv@qBo@uHoNq@j@C`H}@xA}Ao@Y~AlFzIvDfD^|BiB{Ai@`Cl@`FjCfClJhDlGDbHwBjU\r[|P`UlEzb@bVfGsBtHpF|@fAVL`NjOjHlFjCfErKzJzIgEdGiCn@LhAxBnFdDjDb@fF~CPjDpFvAfShVpPfHjDtDxPvJpBzCmAaCu@PbBpBqCaBUd@tB`FdDnBv@bCSnAdBrEl@ZYoBzL`LfXdQti@j\rEAbBnApG|CsDuAtIrEz@zDiCcA`HSH`AzA?vN~HvDjEhMjFzA|CdBJbDfGrHzEvKdAlGtD~Y|RfM`P~k@r_@lVlGjJ_@nCgBfKfClLBdMjB~MvEzZ_@fMlBpN`ApTTdd@dF|NnDdNjAlCnBzETnErCfJjBjFoAjHhFbD_@bEbA|@u@`@uDj@c@nD_B`Je@xBwBMuB`GaEc@mAwASg@uMyDuGeB_Gi@PqAc@aAyBoAFwC_EiCwNmDcEaHkQUyDeBkCMkD}@y@[iI}F[_KtBcBw@eCyTCaN{AkVuAeAm@d@yCvKgI}C`\meBpE_TYf@vHk_@mAcBxAmIr@]XqDaB_PiU{M_BaDqA_@kCgGqB_BoAcEcFiFmEoGe@qC}D{EiJmRqDeDmCgG,2
2,Ride 23 (Zbiórka Ride 2),33557.4,6917,10775,247.0,Ride,Ride,10.0,12752167753,2024-10-26T18:21:19Z,2024-10-26T14:21:19Z,(GMT-05:00) America/New_York,-14400.0,,,,154,1,0,1,0,False,False,False,False,everyone,False,b15720201,"[40.72289653122425, -73.945890404284]","[40.72459445334971, -73.93711790442467]",4.851,20.726,False,False,False,49.1,2.8,13596845744,13596845744,C3A27930-4814-46AA-9402-D9D940290C85-activity.fit,False,12,0,False,68817667,1,a12752167753,{epwFpsibMhBaBz@UH_@LC?j@n@EVnAh@Td@rAzAnAvAlCh@nBa@n@S@bC`@`CxGnAp@ZdB@qAt@hDbAfAnAbEt@fAb@JaAm@xBfDVzBfT~L|@bFFhC_BzI_@p@~AnBKvBqFzWeArGHfAo@nAeDfSaFvSkAlHo@`BoBjMsIfb@yFvWs@tCiBlGwDwCQPeMaFyCCkFuD}@SqAwA}SkMk]cUSe@uFoDoXsPwMkJwB}@{AsAFe@a@c@oEeD_F_CaAwA}H_F}EqAkFuD}EmBy@w@bBv@qByCyFiCoBqBsEyBZi@Uo@u@I}@mA}E_D_EcA{@eAi@oAoCuA}Ac@e@TcAaAc@oAaAKgDwBWmAu@g@a@{@cBRe@u@Y?_CpFN~Ax@p@I^eGvQQCcB`FcAxEm@hEgAfDa@Hc@|@LJ]nBNJqBzEoA|BsCeBy@E_EfBcE\{E{Aw@sAmAiD{EyCeCwFsAeA_D{@oDdAoAG_DkC{AeEwCEcB}@m@DgFeBaHkH{F{C_BmBs@oCOkBVsEk@{BoE{DwWyP_Ja@yCdBeBDsE{CsGsHiFGcEm@aAw@cB{DgAg@s@Z_@bAPnBfAdCMvAc@l@iAEiC_DeC}AqC[{@l@aApA{AzDq@lK^vAl@d@hA?v@s@u@~@P?bAm@n@wCt@eAfFgAfBV~AjBxAvFtDpCfBfHl@dAvLpHxAdDtAvAtGj@t@|@pBnIrD~DbEx@xIkAfE|CxBhE~@|@tFVjAZtAjApBbElGdH`CdFpAtAvAt@|Hg@|Bf@t@zAt@lDlE~CbJxDfGpJhDpCnB^lBw@|CaElCb@FToCeBlA}FH{ASu@m@}@mJeFkBgDQaCjAoEdG`CjFi@bDyAfE`BZSRiASo@_C{Bc@MCcA~@_Bf@oDr@mBlAiBTgCzAgEZiBwAj@j@{AE[nGgLbAcD{@ABVdA{A~AgDxAh@B^\OxAnAdAWBe@zCyFAa@`@e@|@gE|AyAzBwEIcARkA~@sCl@m@E]xA{Fj@yABqAlB_CQ{@|AiBrCmH|@kDB}DZ[NmAxC}CdBgFPyBtF{OGs@`@oBnBqE`A{@z@oEWu@i@WA~Au@hBgB|FBl@uAtD]WWTeK`Zy@fD^d@MQB^|WtS|JUr@yIp@}CjLrCN^fQjDh@bAtAo@dZbH|CFfPmAdQcCJi@o@iMtGm@@qDcIg\xQuAdTmCaAeZ@e@h@Q,2
2,Ride 22 Zbiórka Ride 1,5988.3,993,1093,38.8,Ride,Ride,10.0,12696667993,2024-10-19T23:46:11Z,2024-10-19T19:46:11Z,(GMT-05:00) America/New_York,-14400.0,,,,4,2,0,2,0,False,False,False,False,everyone,False,b15720201,"[40.72272168472409, -73.94684351049364]","[40.722996359691024, -73.9450547285378]",6.03,12.728,False,False,False,30.7,2.7,13537104557,13537104557,CA1B25D1-E638-49DC-8F1B-EC016941FB35-activity.fit,False,3,0,False,68817667,1,a12696667993,ifpwFxsibMf@[xAsAREZOFAFGH?PQu@wAOUO]W]MGOQAEHSAGSc@So@]a@Ug@AMM]QQAMIOOOY{@ECCGY]UUUa@GQO[Kg@?K[m@YWICWWQMIU{@kAe@}@GIKCGME[c@eAa@u@GSe@}@UaAY[IQOa@Oo@Ym@[i@MIWg@EACIgAoAICOUJe@HEL?NMBYDGGYIKUsAEIOkAUkABQYuAGMCM@ME[WkAYuBe@qB?OQs@GMEWOOCKw@mBiAsBAIyBmCY[ICEKm@q@u@gAkAkAi@q@q@cAoAuA_BuAq@g@cAm@[YSGcBeAqB_Ak@]WKINALHNJBLAJGJBVTvBlAPVd@`@VZx@d@ZXd@n@\v@`@pAP~@HhDAPIt@EfADhAPn@Zh@FP?N[|AoAlBu@rA]Vk@bAMPEHIFs@tAALaBdCYh@QVEJERKDITq@hAwBxBWZ_@Z[`@w@r@_AbA}@v@Y^u@r@c@TSBEJDNHF\d@lA`DZp@n@tB|@dDf@fCV`BR|B@`ADVHPNbAj@rBNbAR`@BPFRP\Bb@n@tB\xA\bABPFBFC@IFEFAdAMP@HExAMFIJ@JG`BCz@KJEV@n@IL?f@EDAnAObAOb@AHCf@@PGl@GRGL@x@MzBSH@v@Mv@?j@KnCUV?HAJGl@E,2
2,Ride 21,17872.5,2775,2823,65.8,Ride,Ride,10.0,12687868102,2024-10-18T20:55:03Z,2024-10-18T16:55:03Z,(GMT-05:00) America/New_York,-14400.0,,,,4,1,0,1,0,False,False,False,False,everyone,False,b15720201,"[40.74825866147876, -73.89398672617972]","[40.7486744876951, -73.89388086274266]",6.441,17.753,False,False,False,20.5,-296.5,13527624705,13527624705,876E86D0-212C-4D23-96D3-92DE4328B086-activity.fit,False,0,0,False,68817667,1,a12687868102,cvuwFxp_bML~BGz@i@`CaAtCAx@a@l@eEzM_BlEKFS|@uAjDyFtRURkEtMYlAw@xBe@t@@La@`ABFYx@?Tw@bBiAtB_A`C]rAa@x@kArDeBvEu@hBUXEl@w@hBkA`D_DhJc@dAKF[n@Ml@uBzFSTWjAyBxFKf@]p@I^eE`Lw@hBKF?Tg@nAWjA}AjEaAhBMh@uExKa@h@m@`BuFjMw@fA_AzBs@hAcBlEOFi@dACv@Jj@Xz@vA|Gz@pDn@xBT\zBxAZ?\^bAb@~A|@DNnD~AxIvE@LuBnHeBtDU~@MPGWu@nCkBdEHVHEb@jA\TXB\_AEw@OYcAGi@_@]k@I`@IGJF]Ry@i@[?q@c@SU@Qn@mANr@GRWVQAPcBc@o@gFqEe@Ye@@[i@SAEOcGkF_DcF_BaBOk@aCqBkAe@qA?}@j@]HmAe@uAOaAg@KAOTBNnAfAZf@PtBz@pCnBvB@LlEjEh@bAjAdB`DdBdAFLVhA`A\~@tBjA|AvAv@z@Td@xB`BnA\dHjFf@n@Fb@V`@^^JVQBFJpCbBpElDxAp@xAP|@hAnAv@j@|@nBnBnAhAPVF\\b@zDtDh@DVLXb@Bb@KT@RRLd@z@XHRT@`@JT|@r@H^h@j@Xh@jNhH|@z@jAh@tAPhAx@Z?HSHm@Ok@BI`@QZq@AQ_@K{@cB_CyCCw@IM{@YmCiCkAsAcFeEi@m@e@qAa@o@sBsAH?UY@KWOEk@GMyA{Ai@]{AOgB}ADOy@e@[e@a@MKWiByAe@UGIDCIWaAuAAUu@MIWUKq@i@IU]GSY_@Me@g@DSCIyCuBLFM]?SyCyA_Am@oAcAISYCOg@X_@CJ]OUCAJqBi@_A}@k@zAHj@O`@Vd@\PK@B\hA^b@`APE?LGC?Hd@IP[VI^XLOLNQF]o@Du@\]OMNu@h@eAbBmFV_@BSjB_F\o@ZgB`@aARiAjDcNb@oAtAoGr@cCxC_I^sAh@iAlEuLz@yAz@oCl@kABUd@k@f@oBPa@`@UR}A\i@~@yC`@aBjBuEhBkFRs@LCl@iANaAP[hAqErAgBDy@P_@REKmBVaA?WY_FoBaOUsENkG`AyJpBcSgAsTLcAf@_AhDkKhAaErBeGNaAnIoWd@kALCLw@Tk@jAQJMPeCk@eG,2
2,Ride 20,17460.0,3007,3064,109.7,Ride,Ride,10.0,12640785076,2024-10-12T22:27:03Z,2024-10-12T18:27:03Z,(GMT-05:00) America/New_York,-14400.0,,,,7,1,0,1,0,False,False,False,False,everyone,False,b15720201,"[40.85972766391933, -73.88576089404523]","[40.74835371226072, -73.89382587745786]",5.806,23.251,False,False,False,48.6,2.4,13477142580,13477142580,A29DA47F-1CE5-43E8-AB8E-534AEC64BE92-activity.fit,False,1,0,False,68817667,1,a12640785076,gckxFhn}aM`@gFj@sCj@k@bCt@xBx@~Av@WLfAd@dEnAfBbAl@@~@X`CnAzAbAj@?h@h@rBfACLZt@NTnBlBz@|AVJf@dAtDhDf@~@`BdAh@v@|@d@zAnA`@t@LBRj@vAxAlB|AvBl@pDvCZFP`@b@?^RHt@d@JDf@RZnBrBj@RThAhAdAdObHa@E~EdCfEpDtBfA~Ad@tAJ~@@hCe@l@Bv@Y@MnCkBdCgAlACjBXF@b@`@`BC|BR`BVhAn@zBl@FPx@Bl@`@xFbBFP`@D^j@XN`Dp@bA|@vGlCl@DbAr@xGfAtAj@zEx@LF@PPFzAFlDt@TRNh@M~AlBdDENNJLv@h@z@QbAVnA`AbAhAj@d@lBv@n@j@hB`@^`@J|@hABpALRjClB\GhAV~Ab@VXtALt@^tAP~At@xB\X`@v@JNPbGfAhBn@zAfApIlAFFiE]~Fx@pBt@kEc@RCN^fBl@f@x@j@`@h@Lj@n@f@LxC[nCb@h@I@QDXPJ~@w@^g@d@uBTMbO~JpDlC^A|AyDLJP~@hA~AHb@p@jA?\`AhB`GdHd@fAfAfBl@p@x@nBF^T^ANLDF^^z@\f@fEjCfEvDc@DdCnBVz@j@~@AjCVbAfDtEj@n@nCj@vBnBGRd@VzBbDxCdBzAtAEMtB|Bt@OjAr@r@n@z@`BTChB|Ap@TRd@RENTlARrBMrBe@pAi@lAq@d@o@l@?hBm@dAq@R_@`@Qd@q@h@QRi@rBiA~BiBZE@BbGoETc@n@KB_@Ef@NFt@{Ah@a@pE}CPR`@_A^Yr@[`@EtB{BdCoBK`@zEsGxEcIXOYHCz@tABt@m@|A_CE@^EX_@v@qAb@wA|@kAh@cBv@kA\iATcCIm@XaBDcCPo@@qBj@o@EGJeAR{@JuAAwAPmAR}CRe@@k@L[BuALc@Im@Bk@Pm@?c@NI@}A^BIMLUCYRoD?cA|@qBTs@@kBpAcBbBeAJP|@MbCmAZ^xBvAl@a@Pe@h@i@hBt@n@C`CaAhMwGr@FjBi@d@y@DgAJCAWe@wHU}Gn@Rv@A~Cu@fFUr@UrJ_AdDk@TOA{CDK[oJMeALSESJg@VYzB_AdCMvIkAFFbF{@p@Bt@WRJ,2
2,Ride 19,16758.1,3273,3498,133.7,Ride,Ride,10.0,12639630886,2024-10-12T17:51:59Z,2024-10-12T13:51:59Z,(GMT-05:00) America/New_York,-14400.0,,,,8,1,0,1,0,False,False,False,False,everyone,False,b15720201,"[40.74839696288109, -73.89341256581247]","[40.860314229503274, -73.88575913384557]",5.12,13.548,False,False,False,48.6,1.8,13475885248,13475885248,40B0DE06-E306-44C0-A6D1-D5237D542716-activity.fit,False,5,0,False,68817667,1,a12639630886,yuuwFhn_bMBjAIFRrBGbAKNKv@_@l@u@dCiAvEg@xA_@r@mEjNaAhC[f@_@xAc@z@_@|Ag@bAkB~HUXwApEq@d@iCl@{CTkEl@uBLYIgDb@aBSSSaBg@?Mo@Uo@k@U?s@m@cAF_@h@gB~Dc@n@Qz@eA|Cu@bBg@`Bc@r@eBxEi@~@YjA{EdMo@tB_@r@qAfE}CbIe@|@Ox@oA|CgBxFcBvDc@YIa@KCKSEYgAu@?HGSe@e@]k@i@SQUMo@c@MQs@m@g@MWGk@{@mAM_@DgBUi@k@_Ac@K{B\{@DQKmAfBaDrFg@jBAh@{@pBc@b@K^_BxBoAxB_ClCoF`EqBnAOAe@j@c@PY^_C`ByBtAg@Ni@t@}@l@kCrA{ArAqHbFCN_@JoCrC{AfAgBn@[Xe@J{Ax@mCb@QL}@B}Cm@c@_@oBs@m@g@[i@q@o@qCgC}BaBkCcCwAwAWc@WCw@s@w@oAmD_EwF}E_@eABg@HO?q@Mk@Ye@Fa@GKMUBLEA@KK@WSsAgBYOcAyAm@o@[IIYc@g@k@Y@G_ByAKUDIgB{Ai@eAk@g@OUoB{C?I}C}EFHGc@_AaBBWMQOc@FUSOWs@}@}Ak@s@w@sBiCe@IRKBs@xBQLwGwD{CiCUHIS{@i@g@k@}CkB[Fe@d@KX?RU?@NUAQzAYx@YFiA]yAq@oAq@mGeCoA{@{Bo@wA}@c@BQSW@}C{@CKe@ScEwAqI}AcAk@gFkAW[[@}Ae@OOgAQaAYsAoDG[c@@[]OWEs@s@gAk@}AYc@?MSg@cAcAe@w@?K}@mBEq@Wo@@MOQYoA}@aCAIJK]e@Qe@y@c@kAg@{DoAsIwBuCmAkQmFcAQaDeAsDs@{CmAOB_@[iEoBwGkAsBMwBq@_AIa@DoA`AWBk@^m@j@o@Zu@bAIAaB^QRqAK}@PeACgCo@uA_A_B}AmAuAiCqB_Ae@y@E_Bc@qEeCsAmAqAu@oAqAKYqEgE{AoAsAaAiAe@s@cAsA}@[c@}CuBaLkJ{@{@M]mBiCWIq@mAeCeDcAaBaC_Cm@QmGyCaA[YO@EEDyBo@kEgB_Aw@yEsAmBaAEOq@]UBYfB{@rCOpAFj@K^EhAMDi@Uc@l@,2
2,Ride 18,18836.3,2772,2794,118.3,Ride,Ride,10.0,12584688225,2024-10-05T20:12:25Z,2024-10-05T16:12:25Z,(GMT-05:00) America/New_York,-14400.0,,,,4,1,0,1,0,False,False,False,False,everyone,False,b15720201,"[40.74823183938861, -73.89392763376236]","[40.748521350324154, -73.89391615055501]",6.795,22.378,False,False,False,20.5,-55.0,13416824601,13416824601,8A907887-A546-43E8-B9D6-E1A18A5C9A70-activity.fit,False,3,0,False,68817667,1,a12584688225,mvuwFvo_bMRrEu@zCgD~KuBnFgCbJoArCwBnG}@tCu@hD]f@Wp@iCpIaBfEMHsBnFm@hCkC~FgDhKiH~QsDrKoBbEaBlFICBd@[NeArDcBjEMx@w@|AoDhK_@t@M?WpAqAxDgDlHiB|Ew@lAw@jC}DvIYTU~@Y?St@_@VcAnB_AjD]b@cB`DEr@NrA`B|FAfA?MVjAK\`@|@Z`AvGbG~Al@?Nx@`A?VpBBzBrAfANt@rA`@`Bb@`AEvAi@pBcBrE_@^e@x@y@vBA^x@|@ExC@_@Ue@cA_@k@h@w@FAIU_@yAy@Qg@CkAUG`@y@c@w@yCmCu@gA_AQUc@aA]eFwEmBeCmAyBiAkA@YKYeD}By@SqAAaAj@Y?o@a@iBMq@w@o@n@`A`Af@t@NdA@dA~@fCn@~@tB`Bj@~@|A|A|@`BbAnAtBxAfBPb@p@`@NF^j@v@|BnArDzD~AbAt@lArH~EfAjBj@l@}DmCCJtA`A[?XTxEzCdH~DnCv@lAdA~@f@pB|CpBbBr@fBlDfCfBv@Hb@d@\QXJXhC`BlGjFrGfETb@?h@bAjA~Az@~@HdAf@h@ON_@KgA^c@c@sA{CiEMm@aBiBaL_K}@iBDMKWo@_AYBKG?SK@H{@GW_@eAi@Ik@gAuH_DtFjCwIeFKWkBsAdFbCwFeD~DbBm@qAeI{DwAsAy@[EWk@u@fGvCsBeAg@m@C_@e@i@{IcEsBqAc@g@pFhCk@[LFMMLGQOeHgEJUaCqA_@HcA|A@ODv@Rd@IFJd@KB@Tt@ZFO`@?VpA^R@jCRk@v@ULJQ?Qu@FgAIw@^NCVLP@X|BwJjC{GtBaH]v@`@{Bd@_A@m@jAiD\gB`@y@BeANq@fA{Bh@iDd@y@p@}B?s@dCeH\o@NDFq@LO@e@Za@dBkDDg@\u@Dq@t@yA^_Bp@mA`AgD`@k@fAcDb@g@Fo@Xa@NcApE}LN}@|@eBJ{@j@gAXkAh@u@x@iD~@oB\oCd@cAy@wGHeBm@gGk@{DO}CZaJRgAVeC@i@PW?s@POTiCGo@`AmKAcCw@cOCcCpBwEjAqD|F{RzB}Gd@iAd@u@v@mD\[G]b@sAjA{Cl@eAb@wAVuAMw@EyA]eB,2
2,Ride 17,17706.4,2886,2959,62.7,Ride,Ride,10.0,12551938785,2024-10-01T21:29:10Z,2024-10-01T17:29:10Z,(GMT-05:00) America/New_York,-14400.0,,,,6,1,0,1,0,False,False,False,False,everyone,False,b15720201,"[40.74829093180597, -73.89359654858708]","[40.74805841781199, -73.89385873451829]",6.135,21.238,False,False,False,20.7,2.5,13382783187,13382783187,3EFC8248-A706-45A4-8A78-B9D045DF64AC-activity.fit,False,3,0,False,68817667,1,a12551938785,avuwFjn_bMOXC\Nj@JtAAlAIf@]t@qAnEy@dDuCpI{BnHkC~GoAdEmAnEuAlEWXy@pCOTk@xBkEtLuCjH_@pAo@hAiFnOqD|JMNsAtDSPG`@o@lBgB|E{@pBmAdDyBzGw@bBcFlNa@t@M`@AX[h@eBvFqC`HoB~DoBjEg@vAYZcAzBc@pAwAtCy@rBUVcD~Gu@lBkArBA\Px@pBfIb@rAVzA|@xCp@d@tCvAdBt@dCbBhBv@vCtA`DbB`@b@Wf@_@fBiAtDoBtEFAWXk@vAy@tAs@`C?XJd@r@|@^DR[Cm@[]c@Cu@^KJ?b@OFkCmBOYo@k@OcALQXn@v@cA?KcIiHe@Ui@EoCyCgCsBiA{AiB_D{A}AOm@i@]q@s@qAu@u@MaADmAj@sAc@gAKuAu@QZHXT@Nb@d@V\p@LrBv@rC~AfBr@d@jBjBbApAzBhDlCzA|@PLf@`Af@`@F@ZTd@lB~@f@l@zEtD|GnErCxBz@`ABFGFP^lApAI@HVjA~@fBjAbCrBnAj@rAJbA`Av@d@pDpEdAl@^fApBnBbDdBrApA?PJ\t@`@tFpEnBlBdFlDV^@h@HR`AdApAl@|AVr@`@VAPUBw@OY?Kb@Y?O}AcD_BoBKi@mBqBuBgBMUyG{Fq@kA]aA{CeCBQOKC]a@Wi@g@cAQ_@]]oASFOIe@m@o@k@QCKYy@q@I?eEsCmCoDD@I?GWu@_AiEwCd@CCEy@]_@c@_@Q_@g@iDoBo@i@IUSCEOiBoAw@{@q@c@MY_@@FVU^Vb@CRGRT|@EHBR\?^RV^DXd@^bBaA\l@@NORS?S]FeBZk@Hg@l@qADYROD[h@_A?Wr@gCr@iB`AmD`@aAf@}BJEHo@bAmDl@_Cb@aCh@sAPqArAqEh@yBd@eA@Y^iAhAcCf@cBN[FADg@b@qAd@{@Ro@NIt@eCzCgIb@y@`@aB`@k@v@_CDINK@e@\gAfBsEbDqJVe@Lm@zC_I~BoGVkB`@eAPy@Di@}@mJg@sCm@gFQaDB{Dd@oFCa@HKHgABGH?CSJG@WHCFHF]PSPC`AwAEi@DcBQ{BDY_@oBPgBB{BeA}QDcAxAwDdEmMpBuGfA}DhAuCxByHx@wBp@aC\m@`@_BAWTSbAyC@Wb@eBl@qB,2
2,Ride 16,37805.9,6300,6453,208.3,Ride,Ride,10.0,12402381272,2024-09-13T19:02:45Z,2024-09-13T15:02:45Z,(GMT-05:00) America/New_York,-14400.0,,,,8,1,0,1,0,False,False,False,False,everyone,False,b15720201,"[40.748131005093455, -73.89402687549591]","[40.748236114159226, -73.89368782751262]",6.001,20.504,False,False,False,48.6,2.0,13222983422,13222983422,41A6893E-64A7-4C2C-8BBD-C6BD725B6CEF-activity.fit,False,2,0,False,68817667,1,a12402381272,uvuwFjo_bMJ|FqBtHoNvb@_HrTeD~@kEZOW_NpBkKsEaLsCyCtGgMv]aBvC}GnSmJxVYAgFcIs@_@]cANoAqADFo@kABaC~C_CtEeAhDmCzE_@rAoE~EkVdQqBh@sBtAcMvJh@KeI|EeAfAiAGqBt@q@YaANsBgBsJeDgCS_HmF[kAqAcBsPiNYw@DoCYcBu@yAmJgHmCyE}@s@oEuHgDiEsJmPdBbE`OhVv@s@fAoChBeAd@wD`A_AxAQ`Dx@nB_BvB[z@Z~BxCx@nBEX[APHPYs@qBS@q@hDiChBiArCqB~A{@dEeCzAQz@|HfI`@bBMfDvOlNt@D~AuCrHxB~GIzFaBvEkDtAiBdCLhAvCEdCNbAdChChApDnArAZbBe@fBkA|@g@vAsApAiAvEc@l@JhGcAzMgBdDo@d@yCJ}AyBoFq@{B_CBWgEwCeLoKgCwE}@yD|@cG}DsE}@CMfBk@rAeCh@qF_DuEsBaF[qDbA`CcAEyAi@i@}EzA{A[aAwA_A~@gABeAa@k@{A{DXk@e@[oALyI|@Q`AbBl@m@~CgIjGoIzCiHhC}DpAnCrCnCl@rAEb@dLzJh@hDAvBvB`ClLjJtDtEtGfGlAf@zAA~@PHr@~BzAl@?x@hB`@Ab@z@`BHvGeCfAy@Ba@x@M|FoECTRAlGiEnJwHdBg@vEkD|@wAb@AbLcJ|IgNcBjBaIpMmKxFsG}Hk@b@JQm@iANWuEiDm@{AqCmCe@u@JWgBoB_AQiA\u@bAoAVcAxAJh@dVp[d@tAt@`GlG~HZDx@w@fChAbADJTSPKSfBr@p@tA|DjAr@E_@fDqB~I@j@dJ`Er@j@RzBb@x@lI`CfFlFjF`@dHvV~JdGlFrBlElDwA~HsBzFaDrHN`Az@x@\ELe@i@eAiCj@PSgCw@w@oAn@gBI]aFcFcCy@gFcFkIqLmCqBuC_@uAx@eG}ABl@vAnAj@|Dp@fBzE`FnEhG`BfAtBbAhBt@`@hAzIzGlLfIr@|ApArBlGzExC`BtAJbE`FrG|GxD|BlFrFdPlLVrA`ApAlFzAXg@O}@`@iA_EkHoOyNcAaCmDoCkAwC{FsCyHsGqBqCgHwGuP}Mq@KgAtCXUP|@lCdD^?Fb@z@b@VY?Vk@{@`@iBGu@zAaCnA{FrB}EhMkf@|F{P|Mm]vJuY~F_O|@_EOm@`@s@Aw@oCoRWyENaHtA}LvAkRsAoRpFmPpUit@e@qH,2
2,Ride 15,83117.5,14234,17856,559.5,Ride,Ride,10.0,12343443859,2024-09-06T14:25:16Z,2024-09-06T10:25:16Z,(GMT-05:00) America/New_York,-14400.0,,,,63,1,0,1,0,False,False,False,False,everyone,False,b15720201,"[40.74821348302066, -73.89391246251762]","[40.74814542196691, -73.89381615445018]",5.839,23.523,False,False,False,88.9,-6.6,13159880693,13159880693,42D5B1F5-7D18-4AE7-AE1C-2CA4BD30B135-activity.fit,False,43,0,False,68817667,1,a12343443859,uvuwF`o_bMLdGmBnHiXvy@SjFv@lOcEpd@DzJpFp\rBlPj@rNI`Yz@bFe@d@jAVrA~E~FzEI|CsCrN}C`KoBbACpDcBvHiNtd@wC~EaSrm@yIvSElBkAfAwCvLiD|Ga@pEmAjFoBjDW~CgA~DeAFCdBkAtAMhBr@hC{FtVuIvUcH|EqArGsDbJClCmBlCuCxKqBtK~@hCmAlBo@xDsCGkCcAsBr@d@aM_AqBcBWw@sAw@^{BiBMbA{MoFgC@zLnGsAAqEoMmH}BeFnDw@eDsG_HaN_AaMkJcYgOcj@w_@i^gScTiPiFeDqk@w[}XuXiH}E?kAkCqEgDcBeYyWuDpC_BBkQyKuCo@mBwBcZ{J_C?wGkD{JwGwHeCqTIyGfC{N_BgAaAiD{Eq@iFdCv@MyB{IqIz@_@|BrBhAgAJmExC`@SbDbCg@XrDaUvqB{BnKuAbAwB{@`FEgBlAbBOSdEpb@hG~FrFrRpErKtKrK|CpINpPlD`NlG`EVjL_CnBVhx@lb@n[h[lJhM~D~KjP~NnKtEhWrRtRbBxZ|OnQ`EfUtK`HzDvV`TvClF|EjPfD`ElWhRlMr@zd@tVzMvM|L`IfNzOdPnLQvCEpG`HnAFvBqDm@b@j@lZtG~F`DdSrBdSxFfPpBbr@zNcCbRLv@nEbBjHQ|n@|Hra@vBg@XXb@n@o@pCXWtAd@iA`@hGc@rF{BjOkCpHgCtS_EvS`\hIzMg@rcAl`BcElGGtApE|FjQbNoKpPhWdXdW|a@xAbEbf@vm@Xv@_BfF\|@~`DpgCpVdU`_@nXxHYSta@^rA`AL~GfIdW~OfHjCxcAxZlL`BrBk@b@qB]mAn@YTmBeI{Cf@sGee@cM}BaUSuXdEyHrKcErNVbFjAEuC^Su@oIGiS_D{q@@enAeOx@wAaAoIr@iEu^eYzAm@sQcDsVoCeMmJcSGyEvEi[tEqKnVcRa@iLmAmHqA?]nAkkJavJh@s@cBuCQmBn@s@e@eFcIgM\cCq@mAX_EqBGSkEaDgBq@}BuBg@m@cBhCqEXuEcCy@mGr@mC?eA][mBiAs@]cI_CgNTyHqA_Gb@y@}EgCuCsFaDO{@aOkM@oN{FgI|YqM_GkHyAix@mg@cH_GkX_OePeMsH}DmA_C{NiHUd@aHeIaI_Dox@mj@_MyHcBg@oBjErFwOZgEJl@^o@~FkU`GaL{CfB~F}Hb^meAzAeHbAw@tBsHnHkF|IaKO_MsE_`@|B}e@uLoC{@wI|D_q@OeAaBgAxPyeADeE{A_P,2
2,Ride 14,60613.0,10053,10725,309.8,Ride,Ride,10.0,12310324888,2024-09-02T19:21:32Z,2024-09-02T15:21:32Z,(GMT-05:00) America/New_York,-14400.0,,,,150,0,0,1,0,False,False,False,False,everyone,False,b15720201,"[40.74822069145739, -73.8939340878278]","[40.74803511612117, -73.89393928460777]",6.029,23.62,False,False,False,45.7,-154.9,13123255054,13123255054,275A92C9-D97E-48AD-97CE-3D53734D5557-activity.fit,False,120,0,False,68817667,1,a12310324888,mvuwFro_bMBbGq[nbASbDv@vQoDp_@UvGZ~D_@\vJzn@Rtf@NlCx@tCK|@xE|G|BlBj@bBa@hAlCvBsD`EEdAqApB_@|Bm@p@DrAoA|BHd@qAbFyFnQo@e@B^sA~AJxCwFdRi@~AoCjE{Rtn@kFhNuAxBQjC^eB~A_CdAeGxBcDEk@l@D`@uA~@`@_HaHgAuC{M}NeOkMaApBNa@Dh@m@f@aBtF@pAqCtFa@tCgEoBqGqFqDmAwHiFkEaEsQiJuCmDeMmG}AmBoG_EgPaJ_UkPic@iYmZuQgS{M}FeFeBrCiH|UoCpFgCbKeBbB}AdJmEbK@x@eAjBuCxLoLp]cg@}[{@iAwOcJoH{G_KyEsZyS}BoCiC{@KcAyDmAgBeBaCaAs@`@oD_BeBf@qMGdAbD{AmC}E}Eue@kU{OcFua@_WkEcBySoOoGmAwMhA}UuNgCZqKvGnGvXwJvF}S`YbAhAtXbN|QtMvQnKtG`GjD~Ah]nW^vDxHtFdKj@vGuBzUTfK|DjNrJtCJnRpEzDfCzBXjBhBjAFhSfMjBBxAw@Xy@bA@pLzJvMjN|DnCNfBbKvHbPbPvH`GtZ~QxJdF|`@pXljAzt@~a@jWrCB|BxAhLdFr@v@t@jDrBn@pA}@~@RjAlBnCx@nA|AxAAhBfBITtCdBz@EjFhCpCbFfCjAbQ|L~L~AfKpGpWtQnJtMlm@b`@rVrGlG?zCeC|VbDrKh@rItAjFnCvB\|I_@pHt@xCW|LlAxOTvGbBzFm@fMdAla@vEtKzCvPvDlGt@Tp@x@j@`Ij@fBnACpANa@tAf@xHu@`GfBfE|CnI@NaHj@wElDrA|Cc@lBiDBiDhEmCcCiOwDcJkAoARqAaBiBIkC_@{@_C[mBu@E{AgAoAq@aFu@FTaBgNaPyBkISn@MaFYo@x@k@PuA[iCZkC}B{PCsFm@cDbG`FtAqBz@HqMmNZ?~CvFuDuFDpAj@b@iAcAo@cBoA_Mx@iA@cB_AqA}Pn@gHaDi@`@yCdMiC{AgDeAhCwLzL}p@|BiHbAcHpFgURgD|@iDOkAtIqd@qB{@_HvUqBm@{NwJ_i@cl@iEqP{E_VwEkSkCal@fJqAoAcCj@gBoE{WcCmGiCyDgKgMsD{CuKsGyO{G]oB`@~@\g@_B_B_De@LYs@_@{LuAaBy@yIa@eCoAqEeMgFsUy@cH}BwGGwCSmAgA]H_Bm@aCN_BsBgOVaIeAeOw@oBXiEg@yGFcDk@gFN_Ew@sERaBy@oD,2
2,Ride 13,107650.0,22521,44564,603.0,Ride,Ride,10.0,12259452587,2024-08-27T10:01:41Z,2024-08-27T06:01:41Z,(GMT-05:00) America/New_York,-14400.0,,,,51,1,0,2,0,False,False,False,False,everyone,False,b15720201,"[40.701718563213944, -74.01304445229471]","[40.74830509722233, -73.89149956405163]",4.78,16.536,False,False,False,166.7,2.4,13068658177,13068658177,72E6C6D0-9755-4612-9671-EBECB62450CF-activity.fit,False,1,0,False,68817667,1,a12259452587,wwlwFt}vbM}Hg@aBzOi[cKkV{BqA}BqBIi@fA_Cy@_@wAoEy@mv@{J{kA{FyIZiI}Cgb@{F|BQkIgAyF~CmJZ}UyGgl@i_@eLaO_XqQaKsFcKkAuJkHuGeBkFyJgAg@gVmNiDNgDqAo@_D_GkF_H{CcFGa`@wTgmA_w@gTkPsv@id@wXoXyGyDw@eEma@}]aHfC_YyPgWaK{Gc@_MkIgLkEiUW_IxBuNoAgEgEiAkF^{AnBv@[cC_JsHj@c@~BpB~A}AnAqSu^}I{RyL}E{HkEk@kI`AaLoK_CLpBsArInDqKeUqEcUqBwCBsBuF{WoEcNoX}^sDoGtBaGjBwN_@kBmG{EaIsCcWqToSuIeGiJsCgM}PsBsDwB{AaBeJyNwV_Mmh@gKaXsFq^_Bon@gJaX_KaSgCaL_HoQeEuUca@}c@sUoGwF_DyJv@eSmBmLeEaH{TuSkFo@yEpCqHjTmMjOsBxQ_DrF}JvFw^xMaa@bFmc@kPmf@wB}QqD{n@wPebB{~@{WiH_[eVom@yJoKqJeY_FoC_Cki@qPwO}KcVqFyLmMgU}i@iJoP{H_IiW_OwAyBj@l@sA`F{Wvn@mMrh@qEnHh@z@mD|L_@tLt@dS}Dbf@XvUtB~\WlPgKN]hJqWf^{D|KeBnKg@d^PxlEiAzQcG`RkKpLyY`JwEy@z@a@iEiBtAeJ~N`G~OuB|JjEjMjCrj@Qft@gFbSXhJ}@p\{I~QwAvIkEdIm@nCr@zGmBdL|NxQ`\nS`N|CaA~@oN[}BxAqHlKgO~VmHfVcE~NwHlLmBd]tAnMzMbFdAdEkBrHgVvGcBtHXjE`BlCvCnEhKvIjDrEo@p[{M`J{AnLh@pOfFnPuAnL`@fq@jPbe@jRle@vEfXfK|dAxA`ZhSljAdWvO|NxMrRtIjD`]{AvJgFrPaEfQpAjO|KhYtGbMpKnRzE~TtP~KtCrXbNdKxO~D~CrH~AjEkIr_@hJrXnPpXzCrQhLrV~VLdClBuAnC`@bVlLjAwCoBPfBoAcF?lCn@`BgA~CcTrA}BhB}VbH_r@bBkAS}CtAaVs@qAcBtARqDeDkAcBvGqBaBiAh@hJtJDzAqAkB{@b@r@dHjFtFvGtAjGCpEgB`TJnIxBnAp@mAMpLlGk@IbHdDtTdEjInDzXzP|GcCxZbZjDhB\rCbSjOhQdQ`h@bZvnBdpA~_@rUjDK~GpCtHbGXpCxBn@fBy@lIbHhQvJhOlNbLbGpK`AbNrIxTvOvKfNvj@v^bXlHjGExCyB~j@|FvMbE|J[zp@jDpLOfn@zI,2
2,Ride 12,16650.0,2651,2949,54.1,Ride,Ride,10.0,12250655089,2024-08-26T22:14:29Z,2024-08-26T18:14:29Z,(GMT-05:00) America/New_York,-14400.0,,,,9,0,0,1,0,False,False,False,False,everyone,False,b15720201,"[40.74780587106943, -73.89401287771761]","[40.74831155128777, -73.8939890731126]",6.281,14.84,False,False,False,20.5,2.3,13059522893,13059522893,286F2ECF-95D6-4C00-9613-407152EB9B5D-activity.fit,False,2,0,False,68817667,1,a12250655089,gvuwFdl_bMI`@J~AFjCEF@j@Iz@UXIv@]nAkCdJwAvDyDxLqCxH_B`FOx@cBpFw@tBe@r@UlAcAhCiAxDy@jBGf@]h@iBjFmDxIqAtDO|@UTmAfDoAnDE`@uA~Ck@~AEZIH}AlEM@If@qAnD{EvMu@bBG`@oC`HeCdHSfAy@`BMp@kDtISTiAlCSr@mDdHyAnD@PkDxH{DxHgCjFET?t@xF|TdE`CdChAdBjAtGzChDrB?LUBM~@aB`G}A|DmEjKLf@hAv@|@aADOEk@IOc@O[Au@TMJNEERWVM?aDeBg@o@Jw@\ETi@A_@KMaFsEaAq@uA[Yg@yFkFqDqFkAkA[}@eBuAaAk@y@Qy@?iAn@W@}@]aBMiAm@KBEN?NnAfA^n@HZBtA~@|Cl@f@~DhEbBtB^v@`AlAhC~AhAT?LBDfAv@h@H^lAzAv@vApAdAp@n@z@lAh@CFR?LVb@\vBnAlBtAxv@fo@zCdEfF~DL\Dn@pA|AbCl@tAn@RER_@Bi@Mg@ZQHWeAcCkBeCa@eAuC}C_JaIi@w@c@sAKKsBuAa@i@MEw@cBFQEU}AeAaBSiBiAKYk@g@Ug@e@SiBcBo@[qCoD}BoB_@g@gBmA_AaAw@c@W_@eEaDgB{ABOmCsBa@W_@P_AdDTY`@nAdAdA^N`@h@f@?@LlAjABa@NR@USQSi@Ai@Z_A@SFCGk@h@{@TMbAyCXe@Tm@lD}NRa@Di@v@aDhCyHPiADe@`AyD\s@?FNKDk@|@iCDSGOf@aB\m@Ts@v@_BV]AOHYV[Tu@R]hA{A@WI]TIRaARk@@HHICq@T[He@lAaD^g@b@sACGDUJCz@mATk@EKHCPe@PE^g@b@kBXc@d@uDbAsB`@eB\m@Bi@ROVq@R}@`@aA\y@ALx@s@BSnAsAH_@L?CIF]Cu@ZQBWIq@N@PU?q@Pg@I{@DiCMoAXyAL}B[eEu@eGg@sC?oAMqBJmDHeAj@yBB}@T_@D]ZWVk@C[XwALQFkBHa@Pi@JaBG]HSOy@McI[gDM}F@_@NmAXe@Cu@^{@p@aDb@cAR{@r@gB|@{DXe@LQVaBf@qBDKJ@Vw@LO|AqETkAp@mAPsBfAkDZo@?m@PYZIz@kBNKv@gC?[]}AQaF,2
2,Ride 11,36978.9,6344,6765,263.2,Ride,Ride,10.0,12242669318,2024-08-25T21:08:51Z,2024-08-25T17:08:51Z,(GMT-05:00) America/New_York,-14400.0,,,,15,0,0,1,0,False,False,False,False,everyone,False,b15720201,"[40.748215075582266, -73.89385152608156]","[40.747599424794316, -73.89387943781912]",5.829,21.034,False,False,False,46.5,3.5,13051209054,13051209054,1338D310-652B-47BF-93FF-F959561A2632-activity.fit,False,4,0,False,68817667,1,a12242669318,uvuwFxn_bMPhG]~AcOtd@oGbTyB`FOlAfAzRkCtXs@tOr@fL~DxW|BpPNrd@TpDx@dD]|@jAb@r@pBnErEl@lAq@\k@tCg@dEPxAw@xBShBc@p@{AfG?r@o@jAs@`E}EjPqGzRqEfLiLx]}F`ScJbVmAfBkAbDuFnQuBhICxAo@Jy@lDq@h@TjACUm@dAe@lBa@RN`B{@Hi@l@?bBuEcBqCrAkEl@sFgA}@_A{AuDkEqCmDuGaFkB{C`AmBIeCcCyBwEiLmB_EgC{C_E_FkCoC{BeAoFRuG}@qB}]cVaEJyAo@sACoClBeABkE_CqHmI}D?gGaA_Ay@eAgDiAk@u@T_@|@B`BrAtDKbAi@j@kAEaDgDgDeBwA@sAfAkAnBc@`BeAbL|AjC~@J`BwA~A}D`FaAzBr@rAfC^`Cd@~@pEzC~ArGp@tAvC|B|GrDzCvF~@X~CMfAd@j@dA`BhHvArBjD`C~Ab@tBIjDqA~Dz@nCjDhCjEbA\|DMpBdApDbGxE|EdDbHpAnAzCb@bHQrAp@RTNtBzAfC~FvDxE`AlBnBfBnEdIbIvA\z@tCZT[~AFr@b@hAj@Cd@|@f@e@I_@RQfC]~Bd@vCnADo@^v@tF~@hEzB^QdDdCbAnBjEhAvA`A?h@nDyHb@uGhB_@E{@t@o@PcBb@OA]dAsABkAnByAvAgCR_AOeA`A{BEsC~@mBFHb@CLu@McCs@?d@BIOpCaEQDpA}@`AwGzAeGIk@\sCKsAz@[z@wAPd@PUd@lAt@n@pAUfAnBjAArAv@\x@j@T?tAdEzAdCtCfBf@ZUv@l@zDrEFr@vBb@nCgAf@PnPbL~AdBpC~@bMlJhCfAxLjItJvH~LtGf@x@`Bn@rBfBbDpAdJhHzIlFt@bAxCtAtGrDt@n@@l@dBpAp@S~@\|AbBZQxDtBxCHpCxAeAV`BDhAmCrMwk@zMcs@`BuGdCsGnCmTnAiEpBqKA{BfJmd@wAmAm@\aAvBaFhQoMeHuBiBqY}[aImH{EgGqH_^mHwZkB}`@OiJdJuB}AkCHi@\G@o@iEyWoDaIwMkP}CwCmMaI}Ca@wEoDoDsAQoB^EEf@ZX^g@cCmBNb@qAg@w@XF]g@i@c^iEmAaBkD_L_BgHSgDgA}CkByJBu@sC{JDo@[q@WqDJwBk@kIcB}H]cK_A_FHeAU}Ar@y@q@n@LeC]aOOk@RiJgAwBmAoL,2
2,Ride 10,17726.1,2720,2737,56.1,Ride,Ride,10.0,11948113747,2024-07-21T23:16:30Z,2024-07-21T19:16:30Z,(GMT-05:00) America/New_York,-14400.0,,,,13,0,0,1,0,False,False,False,False,everyone,False,b15720201,"[40.74824474751949, -73.89379050582647]","[40.74830568395555, -73.8938204292208]",6.517,14.216,False,False,False,20.5,2.5,12739212289,12739212289,95896B55-D1DD-4289-A8E3-C11F22D20DDE-activity.fit,False,3,0,False,68817667,1,a11948113747,gvuwF|n_bMAl@LbBAnCaB|EgA~D}@dCiEbNMFAXu@bCe@bAkAnD}A`FWrAeBhFSZ}@pCQTk@tBkChHiBrFaAvBoApDG^KHw@nBaAvCwIjUuDhKe@`Ac@xAuDzJq@tB]r@k@dBUdAUNYbAg@fA]pAc@|@KBIj@eAjCqElMyJ|TqEzJa@f@k@fAkDfIkAbCEf@Hh@vFbTjHzD`BdA|M|GAVgBnGwBnFk@x@C\sAxCMp@QHa@hAAVJ^v@r@d@DVWFc@Ke@YU_@Iy@`@o@tAOs@kD}CCOJ}@BKDXVgB{BwBIOiAgAYMGOo@[kAOWg@eGwFyD}FaAaAYu@}BmBy@_@}AGWFq@j@W@oAc@oAKy@[QQKBELD\fA~@Xb@HXNtB|@hCbAnA~AtA~CnDf@fAhAvAxBnApAVD^x@j@x@NL|@FJdBx@|@x@|AnAjFtDZ`@`GfEh@t@Tj@KGGHFNH?Hl@VV|Ax@`C|AvArAtAz@v@^`BNTf@\\j@`@ZJxBzCjB~A^`ARTlB~A|BlAj@n@l@ZL\GFDVGDxB`ANRnCbBdAdAPBLXJBfApAz@v@`@FfCjBHLBb@Qf@rAjA|@\xARhAh@ZARYBa@Qk@^SH[w@sBk@s@[m@{@y@W{@SWgEeEiHqGc@{@Qs@O]qBqA_@[MQCSDQW_@C]s@}@aB{@{AQi@[_BeBKAMa@Ya@c@HSTMs@OSc@[Ua@e@SwB{C{@_Ao@a@aAoAy@q@eAg@EYcBeAe@o@_Ag@wC}BwCqCFB@Sg@MEQOCGQk@d@GAg@v@d@fA?z@^X~@hAf@f@LBYUFC?Kv@vADIM?BSEOReAAi@TCCGHGZPT@BTX[F@p@{CAOd@cBHK`AqDZcBrBeIVyA^eAxAkG^aATsATc@Nk@HGL{@JKZoBbA_Eb@_ANq@x@mBhBqFj@qAXSNo@d@w@lB_H`A{BXoAPSHi@JIPo@P]ZYDi@JKp@_BP_A`@k@nAkEfAgCn@uBx@sBx@cCd@eBtAeDvAuEROV_AJGV_AFcATm@\YL[gDiYQ_ED_CVqDR{A^yEJWb@cE|@iLKqDS_E@qAYqEF{@F[NK@_@TY\qBVaA`@_Al@{BJCPe@jD{Kb@cBb@iAZyAvB_GrBcHTYRy@REl@qCf@IZSVeAFKJB?oAYmAGuAWmC,2
2,Ride 9,17550.0,2901,2954,62.0,Ride,Ride,10.0,11881293357,2024-07-13T21:27:05Z,2024-07-13T17:27:05Z,(GMT-05:00) America/New_York,-14400.0,,,,11,0,0,1,0,False,False,False,False,everyone,False,b15720201,"[40.74813134036958, -73.89355857856572]","[40.74832286685705, -73.89387667179108]",6.05,10.664,False,False,False,20.5,2.5,12669883134,12669883134,24FF3620-6396-47E4-832A-F3E7C8184733-activity.fit,False,4,0,False,68817667,1,a11881293357,qvuwFhl_bMGPAp@NfCJd@?`@GX?bAYt@In@u@tBa@lB{ArEUd@S~@aDtJ_CvGeDbKm@lC_@bA]d@w@xCiAbD}CtIMTOFIl@_@dAYj@qC`IKJI`@iArCgCfH_B~D_EdLcBpE{C|Hm@pBoElLgAfDmC|GcA|Ck@r@{@rC_@x@Op@KHQt@gCtGaDlHwIrRkAtBy@pBGZg@`AKj@a@f@Mb@eAjBIXATRdAp@hCn@zCh@bBNnARf@Nx@b@fAt@Zb@`@bAb@r@h@fClAlBlA|FtCjDnBCVoB|G{DfJu@vBy@dBEt@z@dALHNCf@UBUGk@KS[SM?y@d@BHUb@MB{ByBk@WOWUMVaANWJIJDVM]k@w@m@kCmCaAw@w@c@y@C]q@kCgCqC}Bs@wAaBiCuAyAUk@gB}AmAk@y@Kk@BoAv@oAc@{AO_Ai@KAMNDXbA~@`@r@RxBx@jCxAdBzAnAtCrDz@tAZVP^JDFRtAn@fBf@?`@fAf@RB\z@JHpBhAv@z@b@T|BpBpLpI`AbAlAnBTPANlBbBjBrAt@|@|BhAdBVhB`BXNpCnDjAz@|@zAtAtAfAv@`@Lp@b@l@h@^H?Jl@b@d@x@`A~@~@v@dB|@xB|B~FfENX@`@DN~@rA|@d@`BZ`@Vf@LXEHKHg@Mi@BM\c@BMeAaCy@iAc@a@_@w@AQS[sCuCaJkIe@u@]gAIIaD}BaAgBGm@_BiA}AWoAw@aAaAYq@c@OY_@uAgAkAy@eBkCWQu@y@mAu@o@o@UImC_Ce@UU]yBiB]OwBuBwAiAm@]u@{@IEYHk@bBBMIAHh@Tj@p@z@JVrAtAJBRUl@UVc@`@ZFNGFFFGDYMIUEGA]Ls@DIDFAQJMDe@Vk@`@mARa@D?^cANK\sAn@aBn@gBj@yB|@iC@c@P{@j@cBT}@|BiJLQX_B|@cDVsA|BsGvBsFzB{GlAsC`CiHj@wALKD]V]r@{B`@o@Jm@l@yApDaLr@wAr@iCt@{Bn@}AV]Rs@vCkIFu@`@mAIw@XcAAWmCuSOwAIiBFqDL}BTaCJa@`@kEJ[fAyML}@FaBAoAy@oQDg@Ne@Zq@hBgGfFuOz@{C\gAZy@jDcLlBcGNMh@uAfAWZAJQO}EK[SuBGoA,2
2,Ride 8,85932.2,17667,22193,657.6,Ride,Ride,10.0,11816729081,2024-07-05T13:10:38Z,2024-07-05T09:10:38Z,(GMT-05:00) America/New_York,-14400.0,,,,0,1,0,2,0,False,False,False,False,everyone,False,b15720201,"[40.7710768841207, -73.97982780821621]","[41.2858472764492, -73.9292021188885]",4.864,15.272,False,False,False,156.6,2.2,12603082242,12603082242,C0F8F1AC-B079-47BD-8BDF-6279AF04E7FF-activity.fit,False,0,0,False,68817667,1,a11816729081,anzwFvzobMqkCqeBgAmB_LoFqM}IScAmBQqg@e]aPe@eFoCmV{Scv@yW_\cTmAqBwVsL{MsQdQi@xE~CjD}C`OgA|DtC|BEyB_CkI]}K~\wAIuLiHsRmVsg@gVyM{Dwi@k[cQmMoGqBkGLFmC]`D_HTm^iUmAgBs\kTuAj@EvF}@{DkGwK_JmKcGkKbCeFfBuQuGuEwHiCyGaHqd@sWoHkL}@qIoFqB}Jk@cAiAOiDMlBcAb@_JoNgEaEiTaK_~@}Q{^qAwp@_KeZ{KaO_BiPoIuJoAwBqAqDuD}JcTiEyF_d@qUsFwEqD}K~@kT_CgL_CaEsT_S_Jy@iDpBqIzTgLdN_CtRcDlFaKpFa`@rMmP|CeNt@wb@kPgn@wDgJmDkOoBkTcGid@qTkgAwm@eVkGo[oVum@oK}KoJsY_FaEyCoi@uPcLmJaVcFgDuBiImJePga@gLyUsHmJyZ_Q}@cAvAiDk@QmA~HyEe@iFxC{Gg@gEoHiTwBwHzA}CrD_JfQgL|HmDbEoDnLkAnQ{AlEgG`DgR|BeE{BwPsWwj@qe@_c@eT{E_IiLo[sCeDmFoA_TxAaNgCwJsGy[i\yA[aEXcH~EqVtBoh@rT{RvL{R~VcR~HqsA~b@iQ|GcFdAgCc@iUcGqi@_e@uF_CgF}FcbA{^sBnAoT{Ak[}RsEyEw@@yE}H`AoDuAyEmB_C^gFm@aHgNeSiF}EgKsPn@fD`FrEbAhDpCtCeBdEmH{@_FbB}c@}ByAbBjA{@kHJLi@uCAeLdCiHNyEpCaMcHuA`EiElCdEuBjAoB?oAyJqHmMgVvBrEg@bCqSbNgCrCcCdIwBlAK|AzDnY`CjYlQx`@}AlId@tFiCx@WhDl@dCvKnPpAbGYfDuBrH}BdAgEfHuLlEuBlFwVrX]vCg@vTN`ALcACtAGhA|@fH@zNjCjKIfAoEdPwH{GuD`AmCi@iBxHiC`UbB`IUxCkAhEuQhThAhEBfCuB~EqAhAkE?eQlDuVeDc@dA~@fGiIjAmEbPOjCoDdF}@fEkFxImKdJ{BbFX|I[zBn@vCbClBh@lGYpGdAdDlBvBfFzArGdGZbB|F|QfIjEi@RZh@pDrA|A`D~@`OwBbLKfKiArDiLj@sG`FqA?cFyHg@cFaIeQu@i@eEdAaEcCcHsQsEeB{D{GeCa@@cAqFuGgIuC_C}Ds@oDaG}GqBoEsAkAaIe@uErQqBhF{BdCkJq@aMdJmI|BgDMaJ|DsArEuC|BeEz@gC~BeGt@gDhRyUrP}AzDqBzLaK`MmGtLmE|P_JzF{IbWwBr}A,2
2,Ride 7,58792.3,12725,13960,4.3,Ride,Ride,10.0,11769450166,2024-06-29T14:07:31Z,2024-06-29T10:07:31Z,(GMT-05:00) America/New_York,-14400.0,,,,0,0,0,1,0,False,False,False,False,everyone,False,b15720201,"[41.12707148306072, -75.86925026960671]","[40.863335402682424, -75.73689356446266]",4.62,28.728,False,False,False,538.6,163.4,12554266746,12554266746,F02F72FF-BB9C-47F8-AEEA-1869A8FD5ABC-activity.fit,False,0,0,False,68817667,1,a11769450166,ox_zFdfanMcEQSuCyD{KcCcDbAoFrKqF`ACxTqJdGkI~GsItBiE~@yFu@mTyA_L}BqD_HeGwAaFI{EtDePAkGwA_PuAoG{FcQkJiy@qAgGiKa\oAmGy@{IEoKrAgObV}`AHaHaCmME}Db@mFlCcGzAsAfCo@d`@@pE~@zK|G|IhD`FC~AcAxBcEd@sJPmVtAsJ|DoGdGeCtf@}Bz[sCnY{@nCbBpBjCfFrKvC`BlDC~FcEhCwFt@eD?_A^kNx@kFhOeTA}@_EsEf@EHo@~H{FlHiBrOk@xf@Hrc@{@vKiDfBCvHrAbAr@CjBrFfAnQeD~DsCjD_At]vA`GkApLqI|U_P|Ag@~FqGSw@b@mAtGuEbN_FbFmEjFgHfDqBpD}@~PMxAe@jBqBdAiEr@sSsAmZ]_Pj@qM|A}FjI{JlBuA`WwH`EWjLl@nIkBtIdApCa@nDgDBu@v@ObIoH`L}E|JaCxEuB|CsD~IeIlB{Bn@I`AqApPuBlKuDfGkEfZ{H`DoD`E_J~IwJ|CgFfDkP\_CZaFvBsHtAsBxDQpDtDlBbG~@hNjA~DxD`FdFdCfDvCpCzFpBfItApLlCbOrIhZlEvVrCxJnE|IjChIt@rGSfKHfDZf@Yj@zBtHlAvEhCdEhBjAxBvBNp@lKvG|DpBlCr@zIKzDmBlBwIBoE{@sDHm@g@YIiAsE}JgReSLQg@_ArHjF}GeLWiBrEoLxAgMrBcXg@_DkA_B@yAk@qB[uJHuG_@aCToDKgHh@[c@gAOyFkCkN_JgPq@gFRmNtB{I~C{ClF_DbB_FrAgBd@}BdG_Ij@H`AuB`QaHrEi@~AmA|@ThTuDrGcCtHyEvHwBhBD~AzAj@tBAzB{@|BgHnJoIrSsAlMDxGZzDp@hDxApBSsAlA~E`BhMp@v@JhBvAnBNjKp@vGPj@EmCzApEYxXj@hCNUStBrA~NOn@Xn@p@nP?lIpAfNp@bQQZfAtE`@`IhAtBdBrAjI~DxARnBIdLcCfCCxC}ANgAfIkEjJaH`MeGbAoBz@LjIkCzH\bGzDxCl@zMvHd@OtEtC|IxChDNdEk@~PuKjIqIzDgCdJcCPi@dCaAhLqC|Hg@bK}ElNa@zD~AtBzEAjDiD~W{AhR\|FfBjCpEbArF}Bj@o@vFmJpB{DpE_KnG_JvEoBpEExDjCnCrDzBdF|CvKdAlHHvDi@p]rDrJpE|Bnb@vEvLrDlEzBdCjCtDbN~BfE|A~@xDh@jFBpDs@pGiIjHqOdLkJfEkIl@iCc@iBh@oDi@uH\oj@b@gEnF}PzEyGlFqE^FBs@|JgJ~G_B,2
2,Ride 5,52735.4,9487,25505,261.4,Ride,Ride,10.0,11701374891,2024-06-20T17:21:10Z,2024-06-20T13:21:10Z,(GMT-05:00) America/New_York,-14400.0,,,,19,0,0,1,0,False,False,False,False,everyone,False,b15720201,"[40.74608179740608, -73.89799511991441]","[40.74807794764638, -73.89379511587322]",5.559,20.989,False,False,False,34.2,1.8,12484226492,12484226492,AC547EEE-3027-41DB-A924-E1A16F075513-activity.fit,False,9,0,False,68817667,1,a11701374891,wfuwFfk`bMtAjZg@pBNVu@mBhBzI\rOpAbO\f@h@bEdAnASn@VrCdAzBlApFp@xF\b@@lB~AtDzBfKlE|LfJnBfY~CpCzBc@LOcAg@P^~B`LlGh@WjCrAdJrFnRbTrC`FhBnGlD~Sm@hBfCvD|GtQhBrBHfBjAnAnCvG|DjDpBzDfBdBIhAhA~DvBvA^|DpEfEfBxFn@PfApCpD~DlBpEVfBl@CrA~AzOnIp@fCCnBb@dClCpAh@rAtAn@a@nBThC~B|@rGl@xAzDjBnCl@?~EjJrEkEdEhGvMsNlC[lH`BvA~NmC|{AiJYuC`@gAxA[jJ}CHc@rKj@|Gq@tFKbH_@bBRtB]bO^nCcB~ELhAlK~FnHlBjh@nS|DbAfA}Ad@C~MpEle@hRfBrAFtBZdCl@fAhCWnEeCpJbEJm@iFkCLwBhFyF|BaBn@?pGeFJmEcACCy@dDgPaSuJ~Kg\fGaOf@_@lQnL|^p[rB~@`DzFpCpBdQbQvB|CxLrL~CrEvF`FlCrDlAn@hHlJbBXrAjArFdHxDdElCnBbFlGv`@fa@V~@`HhGv@|AdBz@~AxAjCfFlAh@t@zBlDnBbHdHpFvBfCVbBhApIjBpLdFdFl@nQvEz{@tX|@YtF_L|@O^cB`@gAJ\NiA`ByCdS`Qg@nDwAlEvHzH@r@sEtDgJbKeLhGu\bEiVtAs[eB_IoAqu@uXJ{BgDuAMgAuCiE]aGkAgC]eC\_G`AcFbOyY{GqKm@}ET}AeA@cE_BaNuLgCiDw\_]RKgIyHo@sAcJoIqGgHg@yA{C_CkA_@WaA}PuQkAc@wCmEaLsKwRoTm@QoAcBSsAeMaI_HiGeGeD_ZcVoGmDqEyFmK{EyDaDqe@wXgAsASkJe@wA?yCaA{HqBu@yJl@FgC_@[KqBgEeAaCXi@k@PUUm@s@YsXzBmJvAD_Ld@iBImAZQ\kCeAyK?qIb@u@CkCiAiHuA_DmG_BqC`@mVj\}NpEyBZuEc@eBb@C]gBg@i@\wA_@}BTwCc@kDkBUTdAeHbA{C?i@{@qAGZcF}EuJyEkl@}o@qRqz@{B_k@nJmC_BaCl@cAEw@qEiWmAmDmQwU_Q_MaBu@QXkH}Dm@{AeCwDqC_@C_@iJeBwOs@fDBq@GmAU}AoCgEkBq@wAyAsHiBcFe@wHaAiDLs@]_@oBkKTy@{E{LJ_AnAxAY{CkAkEBy@aAaDMqGZmEc@wAZ{@w@{BQqC`@j@cA}KRaC{@sDKsCb@sEEkDe@_BmAwJ,2
2,Hike 1,6510.7,5684,6989,369.9,Hike,Hike,,11657319063,2024-06-15T10:22:24Z,2024-06-15T12:22:24Z,(GMT+01:00) Europe/Warsaw,7200.0,,,,0,0,0,1,0,False,False,False,False,everyone,False,,"[49.713156474754214, 20.116710104048252]","[49.71749511547387, 20.122451204806566]",1.145,3.344,False,False,False,970.5,562.7,12438838582,12438838582,0C76E8B0-6EAE-4FA4-92A1-233FD94C21DA-activity.fit,False,0,0,False,68817667,1,a11657319063,kwlnH{mwyBGR@ZEN?^L|@A\ELBNEb@@TN|@@JCFBV[v@WN?NIPSXa@PKRKRAVgAhDFABMNUZS^_@DM^Qf@e@Z]rAwBD^MXEnABJG\GpAq@~AE\A|@GLE`@KVEC@FQ`@Ib@MNS|@ObA?TFP?\AVGFCr@@FIRMHK^Mz@CrAGd@CHKv@QN_@|AQ\In@@\Kf@AXYPYGWFUd@Gp@@DGNAf@@LCTBd@El@M`AAl@B`ACBD??FCzAB|@Cd@Br@C~@BPCz@@NHAE\BPAVFTAf@BTEBD@A\L\An@NfAJb@Xj@Nv@LRJAHOHu@Oe@@}@Ia@BoACk@Fg@CI?u@IcAB[Ey@@a@AKEC?GBE@QHYAo@R{@GB@`@Jf@E@CPJv@?PL`@CDJ?Fb@RRFd@\`ARjAHVAJDNPX?HTRE?LCGAFE@KLSDOEA?FFCIAHMBMJM@MHOCIDMCMDWAYFGBk@HQ@g@Aq@CUB]Gk@NYB_AN[F[AUFe@CIFW@[N_@H_AJSB]NYP}@Pk@JONINAIDELGb@Ff@JNCFBLHLVSCGBAEEO\ITC\@XLfADADp@If@HpACv@BVHPHn@LXD`@HT@p@DTHdA?d@RjAGPD[IiA@e@Am@Gq@GK?]@II?KcAGGIq@O[@kACi@CEAMB?DY?i@K[?c@Go@Ic@L_@IY?MIEKu@Do@Kc@DQB]ISEcADUAURk@Bg@QcAAW@i@EKF[Cc@Lq@PIDODq@FGJ[Fi@CMBG@c@CmABCBK?OPq@\y@?a@VaABWHQCGPk@?u@CIG@?GCJNSNy@P}BFOAOLw@K]Cc@DWEs@J{@DE@[XsAPg@ECj@]H[AOBEGg@?S]_B[a@Ic@P@POH?FG@Kb@_@J]@k@JWCBD?AGHMBe@JWPSDSBB@QHK@WDMASHc@FCBc@LEH]G}@K]w@cAGMIaDBiAN}@CcACU@OKy@DIC[DQCWBMGm@KHQ[IBKv@EHUjAo@nACR@x@RhA?VIj@W~@IBAH?b@EH?f@Pl@B\QzAg@vAUTu@f@UFo@KMIWg@e@i@w@Qc@i@Ug@KAu@u@e@GIKM?g@WOAIKk@CIIo@OIB]IMOy@Bg@IUO]Kk@g@U_@IgA,2
2,Ride 5,14781.0,3412,4842,56.5,Ride,Ride,0.0,11572622169,2024-06-04T15:27:28Z,2024-06-04T17:27:28Z,(GMT+01:00) Europe/Warsaw,7200.0,,,,0,0,0,1,0,False,False,False,False,everyone,False,,"[52.213877169415355, 21.026526298373938]","[52.207932975143194, 21.029068445786834]",4.332,12.468,False,False,False,113.5,74.4,12351756685,12351756685,3E3083E9-07D4-4313-82E5-7FC72587AE01-activity.fit,False,0,0,False,68817667,1,a11572622169,snu}Hmui_CcDl@gHfAWGm@T{B^u@h@o@AmFt@eF|@e@VmDp@sBLkB\sD^mA^iC`@CIMGAJOHWFAXODqDHi@PrADDC@WmG~@sC|AsEbEoC`Au@Gi@TS\QzAUbAKNi@VOV?FSMOByCfBkEhBuC|@ETSO]NOMYPsDx@WTu@@yGdAi@LaBx@M@?QIHKZSDyBhAGNUD_ExBsAhAg@JMR_ChAqBdBO?gCfAyEr@{@R{Ar@AVGLa@Eo@U_@?MF?H_AQEHGMNX^VNEBJRD`@GDJFML?TW`@CnC{@|BM|Bc@tDeBn@o@nCgBJ@?WIOSiAq@iCcAiDUsAAm@Je@xAqALYDc@Ce@Mc@SY]QwAhAGTAXRr@ZH|AcBNWVQ@Ye@_Aa@WSA[H_B`Ag@GUm@Bk@EQOOELg@s@cAaDA]K_@SMw@wBiAoCYg@jC{DXe@To@t@_A`BoCtBuCXU?WMKDYVQR_@TEPSl@Yd@{@b@a@P]COK?AWMCi@j@_@t@YR[r@QLKGYiBU]M@AH[\c@Z}DvHgDzHa@|Aa@z@ICgDgIe@o@M_@i@o@_DqF_A_CWe@k@aBIc@Vw@v@_EtI{OzFgLj@sAb@{Af@kEh@sCV}@R_@PCh@_@HKFo@Z[fA]v@EbBq@h@_@~@mAzAoCd@e@XEHI|@{AzAw@nAaBvBmBfDiDXS?DlCgCpAsAb@o@t@m@LEJTJ`BWdB_@h@[VIt@M?DBJSE_@kBdAEEMw@E}@OFIWXWNEBIW}ADoAs@qI@}AL_ADCNTCPBPXn@l@tFl@xCl@fGb@dDnBrMd@zDFz@A`@d@zDA^D?DZM|@Lh@?f@P`@NNDRx@hIVjA@d@Ln@^zAFhAb@hDZpEF`@Vx@LjAH\lAdKFPDj@FPBt@HXCLHZHjAN~@BlAHlAPdAAHHb@EF@t@@JHDN~BHdBXvAvAvJLl@BTGt@Lj@Xj@HDPIZ[l@_AdB_Ab@k@|AcAdAeAPm@b@JhAl@^DdFy@LMLg@J}@JQRC?}@HK\EI?|BKjB]tDMpC_AdBSd@U~A[jDg@tBSTk@z@SjC_@L\hB]`@JZGh@U`@]~Bk@jIgAl@BrBi@pD]lHwAX@EI@\H`@rAXz@WXAQMo@REGBMF\pAQn@UvDMj@YtHeG,2
2,Ride 4,27836.8,4935,5142,143.5,Ride,Ride,0.0,11549487625,2024-06-01T15:38:57Z,2024-06-01T17:38:57Z,(GMT+01:00) Europe/Warsaw,7200.0,,,,0,0,0,1,0,False,False,False,False,everyone,False,,"[53.18684237077832, 22.071253582835197]","[53.18647172302008, 22.071603275835514]",5.641,18.799,False,False,False,143.9,98.6,12327898875,12327898875,EBA15268-0CF9-4280-AFAA-8E11B4B8462B-activity.fit,False,0,0,False,68817667,1,a11549487625,_fscIirueCcBtBy@b@Yx@}DzEA_@KHe@n@WhAkA`BcBnB@k@_@`@]bAuDrEAQc@ZoA`B_D~EcAlAEQw@z@g@t@Kf@iB|BKIO`@gF|FuJ~LgAr@e@Ic@\yD|AoAPuAdBgApB[hA}MtNsBrEiAlBmA|CsAfA}A|BoHjIqAtBYdAw@rADNm@t@s@nBV[q@`Ci@vH_@`Cc@lAcBlPq@hCsBfB}KbS{@dAuIzQkA|DuE|V{DpWAh@Jb@zGrFb@t@uGff@?v@|D`G`DvDfR`R`GjEjKnLdAb@fDb@jAaAfCuFd@IlBxJTXzAMzAhFnAbHdAjBj[tZx@f@tOdOhMnMjBzAhBdA^MRu@DkApB_LVq@@g@tCeQjCrA|PzLfGxFz@@fDyAhJrF~@z@jDhAzEbCrCM|BV`@^fGQrAc@TLH]tIeA~CmBpBu@zEe@jEuBpCfAjBs@hKcBnBQzZqXfHmC`I{BzHaAl@[xBaCHc@E{CFEMgADg@eAc^YoFS}@sKeOwEaGkBgCuAgCyE}KiBoCiAi@gPQ]aJk@kIJmBs@gD]eG_@cCgBWgBVb@LfCm@tJcDx@Rn@}A|Ak@Pw@`EiFrB_E|DaKfCaE`C}BdEuC`A[^w@n@c@xAuB?}AvBqD^_BAk@VeAToDJoJNUF_BF?H}@xA{]BsEh@mKL?Zo@NeAzAcEnAgCJq@rAkDL{@@RGOJ_Aj@GpCeFn@uCXo@Kb@NUhJ{TV{AnBwD|GaSpAyC`C}ERk@Me@LaA`@m@t@qCh@cALJtBeH|CoGdAgD`@m@|@DlEsEvI{HMaLWyFSaC}@_FRkET_Bn@yBLmAEi@qA|HUjEvAlMHxHPbCUhAoBbDwAdA[B]l@aFjFcA@e@gAoBy@u@eBoByC_DcCaEcAw@@iBWaBuAgCs@wA{A}@KGWQBUa@o@A_Bw@oDXgGq@gITmG]qAw@k@{@SiE?oCSwAaAMg@yLkA_KiEaZWaD]yBsAgHs@qCQQCk@[QOTMKM^wGdGoVlZuBbBuGjIsAdAs@fBQOYsAY@]^IK_@nAoAtAu@`B}DfEPi@{AdBDb@QbAu@VaBtBk@mA}@{@AQ{BiAgCaCSc@qAc@aA_AG_@}BoCkBc@{@gA[Ii@t@_AjCuAdFk@pDKAq@|Bc@fD@x@[l@FTqB~Ea@~AQW_@NiBvDmClD_Ab@kApB,2
2,Ride 3,34222.6,5118,5174,165.7,Ride,Ride,10.0,11481540247,2024-05-23T18:20:20Z,2024-05-23T14:20:20Z,(GMT-05:00) America/New_York,-14400.0,,,,21,0,0,1,0,False,False,False,False,everyone,False,b15720201,"[40.748240808025, -73.89402654021978]","[40.748186660930514, -73.89366058632731]",6.687,22.156,False,False,False,33.0,-407.6,12257829655,12257829655,9216B7D1-2DF2-489A-8D13-FF9AA85698C7-activity.fit,False,12,0,False,68817667,1,a11481540247,svuwFfp_bMHvCkGnDiFjB}SrCe^|Cs@a@u@sB{DJiJqFkDoD{@cBcGuCw@gAe@cCRHP}IvAkNd@oJy@`@i@`E[`@Dt@cFjIOzBee@dFQuDkAA{@~AqAtGwA`D}DhFaWva@pIpMiBxByBdFeDxD_C|DqItMoAhDiNjSsF~IGn@j@jBdB~BjDdBz@fAh@fARhBtAnCnG~GxA|CfOjQpAxBfAhH|AzCnExDn@iAvGpDtArBHnCCnCdCtExAtAvAvCh@nBbElDnFbArCdF~B\ZvAtGfBx@|AbAlEgEUtBrCjA^yBMpAlC`IfFfFdAnFrCaDk@pKjEaBbHyGtPdAhCb@qC_BAgA~@sAkA}@FCmATADo@SaByEaESw@}CkAyFeFcHaKiC{BsAh@u@eAkBx@[c@kEo@Nr@vAzA`@jD|@lBv@nCfClAhE~F`ErBpB~AXlApNfJbAvBbCbBz@xD|HxC`ErCaHqA`A\nAPfH`G~I~DhB`C|FxDURr@p@Qj@rAfDjKnDdE|CgIoBv@d@YQ?h@`OjHbBLuGuA`@^_@?n@Jn@{AhCk@c@eAf@}AZJ?o@yDyEcKqJaAuBiCoBq@gAMiAuEgBkBmAuAuB_E{CaB{Ca@E[eAcCkByA_@kBmBpAKiGuC}HuHq@Fg@hAe@FKt@bDnETOd@p@Rn@c@cAhAuAJ\^w@xJqZ|HlEnE|DDb@j@D|@jEhAtAt@dDtAvATz@lBr@rA`C|OdFzGlFdBxCbDLd@\Ra@rA@bSxC^p@iBdOB`Ch@S`BpBxCv@fBrAHtAZ?lAfFlANbIzDfDh@sFsBhHfE|GrB|@zB`B?j@g@NaC}@w@iAHc@c@ZgCgDmCmCg@zCSaB]HYNXwALLqCc@iDlA_PkAkAOkAwAu@[_BPs@h@@l@sB~A@pTpEvRsAPJU|CH`CrAh@jEPZd@dEKt@y@bIVxLcEn@{@tFuCbD{@\i@tEeBHa@l@@NqDcAyEE_EuDkQLgB[uD\iAOoIoAiJa@sGd@{Aj@Wx@Gl@f@^aCEyBPm@x@c@Bm@kCsQ}BsIaCoEkOqQ}OqKqE_A}DyCkC_AOiBTn@f@g@yAaBgAUg@Y{@YqOsBwB_AeHGoAk@eCuF_ByEwDkQ?sAo@kDp@q@Q?[sCqBmAy@yCi@uFa@gAF]oA{FgAuICcAfAoBWgBR]D{Bw@_FNmIT]qA{@gAaEP{@k@yEZ}AWsIgAaELwC_@wAs@gJ,2
2,Ride 2,17724.2,2840,2922,59.8,Ride,Ride,10.0,11459307456,2024-05-20T22:29:12Z,2024-05-20T18:29:12Z,(GMT-05:00) America/New_York,-14400.0,,,,10,0,0,1,0,False,False,False,False,everyone,False,b15720201,"[40.74823200702667, -73.89393207617104]","[40.74825648218393, -73.89372621662915]",6.241,17.13,False,False,False,20.7,2.6,12234985570,12234985570,547CBDF9-85D5-45C3-AAEE-D8DCCB447A30-activity.fit,False,8,0,False,68817667,1,a11459307456,qvuwFvo_bMJlF[h@u@lDaClIuAnDuAvEyFjPML?ROR}@tCi@pC_A|CSRaChHyCtHsD|J[jAk@|@k@zB{BdG_@tAwElLeEnLgAbCIf@mB|EeErLe@|@kEjMc@r@MBDBGb@GBU`AoD~JyExKqAbCiBhEY\Qr@}@`Cm@vAMF[jAOB]h@St@uDpI_@r@YVQh@V~AvB~IP`@XbBbA~CxDxBtBfAl@`@j@h@vAb@lJhFLTg@~CuAlEoA|B[jAMFuAlDKf@y@hB?PL\TVPG^^ZGLYCm@a@c@c@As@f@J?s@ZgBeAaAy@OY?MJs@JMLr@GiAq@}@mAqBuCwCkASGWuGaGaDaFaBkBMe@eByAuAs@i@IiA@iAn@}@a@cBO{@WQSIDITfBxBHb@J~Ax@fCpAjBtBbBzBhCj@lAjAzAbCzA|@NFF?VTPp@Zp@HAXFDDZtBjAEBLR`@Xv@\T^hEbD`@t@t@b@pA`@hCpBRPMDt@l@KDj@p@Zt@t@d@@H^b@vAdApChCd@F|@n@ALXPr@Nr@@t@h@l@p@l@Xr@hAzBxB|@n@d@lAdAbA`BpAd@Jv@f@Zb@NBFJETdAzA^LjBfBzAv@Z^hAb@~AvArEbDZtAx@`Ar@d@|B`@Z\b@L`@WDo@So@mA{Bq@a@]g@@s@JWRGFWY[C]IMmDqDsIwHc@i@w@kBeD}BCY_@k@YgA}AgAsAWiAs@qAkA]q@e@SQWeDmCgBeC}C_CQYuEoDuBeB{GkGiAe@OUOEWRa@`BYd@^DATFPlBrBj@f@XFCLl@YSDLd@HAUCMQ?]n@s@D[RUBc@BLFGBS~@}AGPSb@DIE@EHbCmIdAgCbAsD|@}BHgAdEgP\}@b@cCxA_Eb@cB~@cCJi@d@sAfGqOZ_B~@uBp@aChAgCJADc@^gAf@k@H{@`B}EvA_EFMBDn@aCnAiDtBmF^q@zA{Ex@aCP{ATg@No@Gq@@SBC@FHOAcAe@{DCuA_@aDy@qEWgFDwCPiCXyBPuCJ[?i@TMBMB_A`AaLLgCQsGk@eKAaA^iAVWfCqHbAaDz@}C\_APSn@gD|@sCZy@F@P_@b@wALAFq@Ti@Lq@LQDk@Pe@?Ux@eBt@sCPGf@uATSPDNSZyARe@UqBFMG}@Su@@y@Ny@C_A,2
2,Ride 1,48844.4,7689,8032,254.1,Ride,Ride,10.0,11411717492,2024-05-14T18:29:08Z,2024-05-14T14:29:08Z,(GMT-05:00) America/New_York,-14400.0,,,,3,0,0,1,0,False,False,False,False,everyone,False,b15720201,"[40.74825036339462, -73.89387466013432]","[40.748209627345204, -73.89367056079209]",6.353,24.536,False,False,False,51.6,-1.4,12185947139,12185947139,24DFB574-CCC5-42D6-AD8F-5DCB5A16A6FF-activity.fit,False,1,0,False,68817667,1,a11411717492,uvuwFto_bMNjCo@tEcU|q@uA|GeI~RsA|AcAjCGjC{CzIc@xAoFrNYDD^_HjPwPlf@e@fAFi@wAlAGfAcDlJK`BcOx\{ItQGbAzAlH?dBbBvG|M`KhE~BGzKi@n@W]mBfJfArF|@EO{@uAUeAf@Tz@wDaDb@{AUSr@s@eI}GgAQgGaGoH{KoBwAyBw@sC|@}E}AYTlB|Bl@hGfFbJtHtEsBg@TNpFfCz@HrCvFhDrFpOhFrBvDbHhFzCxAzAFlA`DxFvDr@~AlHzFh@lCxB`CtAjDrNzF`ApAjBp@mMoDz@`AbQ`CKsAaDiE@_Ad@Ya@mAgNuMuAmCcE_ESiBoH_DqG_GmEwEwA}B}HqFdABaC_AZf@WIeImIw@KaAx@@f@n@|BrBpCnBnBQ{Bn@Ie@k@VyCxEcLpCkJpIdFdC~H~CpCdA|BzQlJ|BzDbHnI~MbFbECxFBb\lHnA_AlA_GxBqBvXfH`GkAhGKfDnDz@rExC~@tQoApBvBTbALlGd@nCnLq@nSbBbB`CvEtApCfDyBkAVbA`IjFrB~Cv@PVvA`GxFnFdGj@tAnBjB`AHDl@jA^^z@`Bl@R|@~Et@_@]rDVHbAbBn@[HFZ`Et@pNfAdCc@`Cx@~WmGpJmLy@f@|FuGlEqGzBi@bF|@tBfClAzJIpNfMaBfZiC`x@gL~DJrNqA`LwBUA`HQzPiCx@LErA}AtFExAqAzCq@xGWdIv@t@f@zB~Gj@dBpDTrAxJxDdBpChQhAdEvApFnHrDlJ`C|ApBRfB{@lA}BvAqHfDuFbEcB~DuDhDy@fKN`HmBnByBJaFk@iC}BwDa@oCm@}@I_IsIoMuE{BjIfJsLLy@y@_BP}O_DsFtCtMdAgFNcCE_Ht@{A`ApAwASGkB~BoF`Aj@Po@dAaK`EaHtFeBE_DbA_HmAoBv@oArBkDd@qBOwAoCmDgAeAJkCpCiBLsc@wKsGz@sAxAeAc@mG|@uBWaHvBuQ`Akb@dF{KnBHaCOmJl@}JeBySa@MAn@c@]?fAqCuBsCy@{BZmUxZqE`CoEa@iCpBaMAa@`@iJY}FyA`AgBd@}FcB{FyRoMeTiWiTmTkQsv@k@kPkAoIe@aKjC{AhA}Bx@eD[aDj@_@Fq@iEkXyCwHkQeToOiJoOsGSaB\f@Xi@aAeAsEcBm\yEsFwK}AwEiC_MqCcPeAwCBgBe@a@HqAUsDqAyKViBgDcL@aGg@oGbFtKhAsCiIkR{@mMt@j@Jc@[SIoBf@iF{AkFKyF{@}D,2
